"Stats Area","Postcode","Year","Area Speed","Entity Code","CSEF Severity","Drugs Involved"
"3 Country",5550,2019,110,"Driver Rider","2: MI","Y"
"3 Country",5344,2019,100,"Driver Rider","2: MI","Y"
"2 Metropolitan",5070,2019,60,"Driver Rider","2: MI","Y"
"2 Metropolitan",5092,2019,50,"Pedestrian","3: SI","Y"
"2 Metropolitan",5042,2019,50,"Driver Rider","2: MI","Y"
"2 Metropolitan",5094,2019,50,"Driver Rider","1: PDO","Y"
"3 Country",5480,2019,110,"Driver Rider","3: SI","Y"
"2 Metropolitan",5116,2019,80,"Driver Rider","2: MI","Y"
"2 Metropolitan",5070,2019,60,"Driver Rider","2: MI","Y"
"2 Metropolitan",5010,2019,60,"Driver Rider","2: MI","Y"
"3 Country",5276,2019,110,"Driver Rider","2: MI","Y"
"3 Country",5413,2019,80,"Driver Rider","3: SI","Y"
"3 Country",5608,2019,60,"Driver Rider","2: MI","Y"
"2 Metropolitan",5112,2019,50,"Driver Rider","2: MI","Y"
"2 Metropolitan",5254,2019,110,"Driver Rider","3: SI","Y"
"3 Country",5290,2019,50,"Driver Rider","3: SI","Y"
"2 Metropolitan",5113,2019,50,"Driver Rider","2: MI","Y"
"2 Metropolitan",5022,2019,60,"Driver Rider","2: MI","Y"
"3 Country",5267,2019,110,"Driver Rider","2: MI","Y"
"2 Metropolitan",5114,2019,60,"Driver Rider","4: Fatal","Y"
"2 Metropolitan",5157,2019,60,"Driver Rider","2: MI","Y"
"2 Metropolitan",5022,2019,40,"Driver Rider","3: SI","Y"
"3 Country",5357,2019,80,"Driver Rider","1: PDO","Y"
"2 Metropolitan",5117,2019,60,"Driver Rider","2: MI","Y"
"2 Metropolitan",5108,2019,90,"Driver Rider","2: MI","Y"
"2 Metropolitan",5062,2019,50,"Driver Rider","2: MI","Y"
"2 Metropolitan",5092,2019,80,"Driver Rider","2: MI","Y"
"2 Metropolitan",5163,2019,80,"Driver Rider","2: MI","Y"
"2 Metropolitan",5008,2019,60,"Driver Rider","2: MI","Y"
"2 Metropolitan",5025,2019,60,"Driver Rider","3: SI","Y"
"2 Metropolitan",5153,2019,50,"Driver Rider","2: MI","Y"
"2 Metropolitan",5112,2019,50,"Driver Rider","2: MI","Y"
"2 Metropolitan",5114,2019,50,"Driver Rider","3: SI","Y"
"2 Metropolitan",5168,2019,50,"Driver Rider","2: MI","Y"
"2 Metropolitan",5073,2019,50,"Driver Rider","2: MI","Y"
"2 Metropolitan",5050,2019,60,"Driver Rider","2: MI","Y"
"2 Metropolitan",5085,2019,50,"Driver Rider","1: PDO","Y"
"2 Metropolitan",5041,2019,60,"Driver Rider","2: MI","Y"
"3 Country",5601,2019,110,"Driver Rider","1: PDO","Y"
"3 Country",5277,2019,110,"Driver Rider","2: MI","Y"
"2 Metropolitan",5161,2019,100,"Driver Rider","4: Fatal","Y"
"3 Country",5372,2019,100,"Driver Rider","3: SI","Y"
"2 Metropolitan",5076,2019,50,"Driver Rider","1: PDO","Y"
"2 Metropolitan",5086,2019,60,"Driver Rider","2: MI","Y"
"3 Country",5290,2019,50,"Driver Rider","2: MI","Y"
"3 Country",5355,2019,80,"Driver Rider","1: PDO","Y"
"2 Metropolitan",5115,2019,60,"Driver Rider","2: MI","Y"
"2 Metropolitan",5038,2019,60,"Driver Rider","3: SI","Y"
"2 Metropolitan",5098,2019,50,"Driver Rider","2: MI","Y"
"2 Metropolitan",5141,2019,80,"Driver Rider","2: MI","Y"
"2 Metropolitan",5157,2019,80,"Driver Rider","3: SI","Y"
"2 Metropolitan",5115,2019,50,"Driver Rider","3: SI","Y"
"2 Metropolitan",5159,2019,60,"Driver Rider","2: MI","Y"
"3 Country",5267,2019,110,"Driver Rider","2: MI","Y"
"2 Metropolitan",5168,2019,60,"Driver Rider","2: MI","Y"
"2 Metropolitan",5022,2019,50,"Driver Rider","2: MI","Y"
"2 Metropolitan",5095,2019,80,"Driver Rider","2: MI","Y"
"2 Metropolitan",5113,2019,60,"Driver Rider","2: MI","Y"
"3 Country",5510,2019,100,"Driver Rider","1: PDO","Y"
"3 Country",5357,2019,110,"Driver Rider","1: PDO","Y"
"2 Metropolitan",5073,2019,60,"Driver Rider","2: MI","Y"
"3 Country",5290,2019,50,"Driver Rider","2: MI","Y"
"2 Metropolitan",5110,2019,90,"Driver Rider","3: SI","Y"
"2 Metropolitan",5173,2019,80,"Animal","3: SI","Y"
"2 Metropolitan",5011,2019,60,"Driver Rider","3: SI","Y"
"2 Metropolitan",5042,2019,60,"Driver Rider","1: PDO","Y"
"2 Metropolitan",5110,2019,90,"Driver Rider","3: SI","Y"
"2 Metropolitan",5107,2019,50,"Driver Rider","1: PDO","Y"
"3 Country",5212,2019,60,"Driver Rider","4: Fatal","Y"
"2 Metropolitan",5110,2019,100,"Driver Rider","3: SI","Y"
"2 Metropolitan",5087,2019,60,"Driver Rider","2: MI","Y"
"2 Metropolitan",5251,2019,60,"Driver Rider","3: SI","Y"
"2 Metropolitan",5111,2019,60,"Driver Rider","3: SI","Y"
"3 Country",5360,2019,110,"Driver Rider","2: MI","Y"
"2 Metropolitan",5052,2019,60,"Driver Rider","2: MI","Y"
"2 Metropolitan",5168,2019,60,"Driver Rider","2: MI","Y"
"2 Metropolitan",5037,2019,60,"Driver Rider","2: MI","Y"
"2 Metropolitan",5115,2019,80,"Driver Rider","2: MI","Y"
"2 Metropolitan",5092,2019,60,"Driver Rider","2: MI","Y"
"2 Metropolitan",5082,2019,60,"Driver Rider","1: PDO","Y"
"2 Metropolitan",5031,2019,60,"Driver Rider","2: MI","Y"
"1 City",5000,2019,60,"Driver Rider","3: SI","Y"
"2 Metropolitan",5031,2019,50,"Driver Rider","2: MI","Y"
"2 Metropolitan",5158,2019,80,"Driver Rider","3: SI","Y"
"2 Metropolitan",5112,2019,50,"Driver Rider","3: SI","Y"
"2 Metropolitan",5011,2019,60,"Driver Rider","3: SI","Y"
"2 Metropolitan",5114,2019,80,"Driver Rider","1: PDO","Y"
"2 Metropolitan",5031,2019,50,"Driver Rider","1: PDO","Y"
"3 Country",5700,2019,110,"Driver Rider","4: Fatal","Y"
"3 Country",5371,2019,100,"Driver Rider","2: MI","Y"
"2 Metropolitan",5107,2019,70,"Driver Rider","2: MI","Y"
"2 Metropolitan",5025,2019,50,"Driver Rider","1: PDO","Y"
"2 Metropolitan",5035,2019,60,"Driver Rider","3: SI","Y"
"3 Country",5540,2019,100,"Driver Rider","2: MI","Y"
"2 Metropolitan",5163,2019,60,"Driver Rider","2: MI","Y"
"3 Country",5440,2019,110,"Driver Rider","3: SI","Y"
"2 Metropolitan",5107,2019,60,"Driver Rider","2: MI","Y"
"2 Metropolitan",5013,2019,70,"Driver Rider","2: MI","Y"
"2 Metropolitan",5168,2019,100,"Driver Rider","3: SI","Y"
"3 Country",5713,2019,110,"Driver Rider","2: MI","Y"
"3 Country",5291,2019,50,"Driver Rider","2: MI","Y"
"2 Metropolitan",5162,2019,50,"Driver Rider","2: MI","Y"
"2 Metropolitan",5084,2019,50,"Driver Rider","3: SI","Y"
"2 Metropolitan",5109,2019,60,"Driver Rider","3: SI","Y"
"1 City",5000,2019,50,"Driver Rider","1: PDO","Y"
"3 Country",5223,2019,100,"Driver Rider","3: SI","Y"
"3 Country",5700,2019,50,"Driver Rider","2: MI","Y"
"2 Metropolitan",5152,2019,90,"Driver Rider","2: MI","Y"
"2 Metropolitan",5112,2019,60,"Driver Rider","2: MI","Y"
"2 Metropolitan",5113,2019,50,"Driver Rider","3: SI","Y"
"2 Metropolitan",5042,2019,60,"Driver Rider","3: SI","Y"
"2 Metropolitan",5162,2019,60,"Driver Rider","2: MI","Y"
"3 Country",5473,2019,100,"Driver Rider","3: SI","Y"
"3 Country",5291,2019,110,"Driver Rider","4: Fatal","Y"
"2 Metropolitan",5047,2019,60,"Driver Rider","2: MI","Y"
"2 Metropolitan",5031,2019,60,"Driver Rider","1: PDO","Y"
"2 Metropolitan",5110,2019,70,"Driver Rider","1: PDO","Y"
"2 Metropolitan",5097,2019,70,"Driver Rider","2: MI","Y"
"2 Metropolitan",5015,2019,50,"Driver Rider","2: MI","Y"
"2 Metropolitan",5112,2019,80,"Driver Rider","2: MI","Y"
"3 Country",5255,2019,80,"Animal","2: MI","Y"
"2 Metropolitan",5115,2019,80,"Driver Rider","3: SI","Y"
"2 Metropolitan",5097,2019,50,"Driver Rider","3: SI","Y"
"2 Metropolitan",5160,2019,100,"Driver Rider","1: PDO","Y"
"2 Metropolitan",5044,2019,50,"Driver Rider","1: PDO","Y"
"2 Metropolitan",5035,2019,60,"Other","3: SI","Y"
"2 Metropolitan",5241,2019,80,"Driver Rider","1: PDO","Y"
"2 Metropolitan",5114,2019,100,"Driver Rider","2: MI","Y"
"2 Metropolitan",5016,2019,50,"Driver Rider","2: MI","Y"
"2 Metropolitan",5121,2019,110,"Driver Rider","1: PDO","Y"
"2 Metropolitan",5163,2019,80,"Driver Rider","1: PDO","Y"
"3 Country",5501,2019,110,"Driver Rider","4: Fatal","Y"
"2 Metropolitan",5086,2019,60,"Driver Rider","1: PDO","Y"
"2 Metropolitan",5074,2019,50,"Driver Rider","2: MI","Y"
"2 Metropolitan",5041,2019,50,"Driver Rider","2: MI","Y"
"2 Metropolitan",5113,2019,50,"Driver Rider","2: MI","Y"
"2 Metropolitan",5117,2019,50,"Driver Rider","2: MI","Y"
"2 Metropolitan",5081,2019,60,"Driver Rider","2: MI","Y"
"2 Metropolitan",5022,2019,60,"Driver Rider","3: SI","Y"
"2 Metropolitan",5163,2019,50,"Driver Rider","1: PDO","Y"
"2 Metropolitan",5032,2019,60,"Driver Rider","1: PDO","Y"
"1 City",5006,2019,50,"Driver Rider","3: SI","Y"
"2 Metropolitan",5018,2019,50,"Driver Rider","2: MI","Y"
"3 Country",5355,2019,50,"Driver Rider","1: PDO","Y"
"2 Metropolitan",5033,2019,60,"Driver Rider","2: MI","Y"
"3 Country",5211,2019,100,"Driver Rider","2: MI","Y"
"2 Metropolitan",5023,2019,60,"Driver Rider","1: PDO","Y"
"2 Metropolitan",5042,2019,70,"Driver Rider","2: MI","Y"
"2 Metropolitan",5008,2019,50,"Driver Rider","3: SI","Y"
"2 Metropolitan",5021,2019,60,"Driver Rider","3: SI","Y"
"3 Country",5253,2019,60,"Driver Rider","3: SI","Y"
"2 Metropolitan",5115,2019,50,"Driver Rider","2: MI","Y"
"2 Metropolitan",5067,2019,60,"Driver Rider","2: MI","Y"
"2 Metropolitan",5064,2019,60,"Driver Rider","1: PDO","Y"
"2 Metropolitan",5015,2019,60,"Driver Rider","2: MI","Y"
"3 Country",5211,2019,100,"Animal","2: MI","Y"
"2 Metropolitan",5023,2019,50,"Driver Rider","2: MI","Y"
"2 Metropolitan",5110,2019,90,"Driver Rider","3: SI","Y"
"2 Metropolitan",5112,2019,50,"Driver Rider","1: PDO","Y"
"2 Metropolitan",5069,2019,60,"Driver Rider","2: MI","Y"
"2 Metropolitan",5159,2019,80,"Driver Rider","2: MI","Y"
"3 Country",5291,2019,50,"Driver Rider","3: SI","Y"
"3 Country",5204,2019,80,"Driver Rider","4: Fatal","Y"
"3 Country",5256,2019,100,"Driver Rider","3: SI","Y"
"2 Metropolitan",5110,2019,90,"Driver Rider","3: SI","Y"
"2 Metropolitan",5043,2019,60,"Driver Rider","2: MI","Y"
"3 Country",5606,2019,80,"Driver Rider","2: MI","Y"
"2 Metropolitan",5252,2019,80,"Driver Rider","2: MI","Y"
"2 Metropolitan",5012,2019,50,"Driver Rider","2: MI","Y"
"2 Metropolitan",5171,2019,50,"Driver Rider","3: SI","Y"
"2 Metropolitan",5245,2019,80,"Driver Rider","2: MI","Y"
"2 Metropolitan",5168,2019,80,"Driver Rider","2: MI","Y"
"2 Metropolitan",5012,2019,50,"Driver Rider","2: MI","Y"
"1 City",5000,2019,50,"Driver Rider","2: MI","Y"
"2 Metropolitan",5112,2019,80,"Driver Rider","2: MI","Y"
"2 Metropolitan",5162,2019,70,"Driver Rider","4: Fatal","Y"
"2 Metropolitan",5008,2019,60,"Driver Rider","1: PDO","Y"
"3 Country",5268,2019,110,"Driver Rider","2: MI","Y"
"2 Metropolitan",5070,2019,50,"Driver Rider","2: MI","Y"
"2 Metropolitan",5069,2019,60,"Driver Rider","2: MI","Y"
"2 Metropolitan",5045,2019,50,"Driver Rider","2: MI","Y"
"3 Country",5341,2019,60,"Driver Rider","2: MI","Y"
"2 Metropolitan",5112,2019,60,"Driver Rider","2: MI","Y"
"3 Country",5540,2019,100,"Driver Rider","1: PDO","Y"
"3 Country",5280,2019,100,"Driver Rider","1: PDO","Y"
"3 Country",5719,2019,110,"Driver Rider","3: SI","Y"
"2 Metropolitan",5095,2019,70,"Driver Rider","2: MI","Y"
"3 Country",5654,2019,110,"Driver Rider","4: Fatal","Y"
"2 Metropolitan",5163,2019,80,"Driver Rider","2: MI","Y"
"2 Metropolitan",5073,2019,60,"Driver Rider","2: MI","Y"
"2 Metropolitan",5158,2019,100,"Driver Rider","2: MI","Y"
"2 Metropolitan",5014,2019,50,"Driver Rider","2: MI","Y"
"2 Metropolitan",5231,2019,80,"Driver Rider","3: SI","Y"
"3 Country",5291,2019,100,"Driver Rider","3: SI","Y"
"2 Metropolitan",5035,2019,60,"Driver Rider","2: MI","Y"
"2 Metropolitan",5095,2019,70,"Driver Rider","2: MI","Y"
"3 Country",5320,2019,50,"Driver Rider","1: PDO","Y"
"2 Metropolitan",5164,2019,50,"Driver Rider","2: MI","Y"
"2 Metropolitan",5007,2019,60,"Driver Rider","1: PDO","Y"
"2 Metropolitan",5110,2019,80,"Driver Rider","2: MI","Y"
"2 Metropolitan",5159,2019,60,"Driver Rider","3: SI","Y"
"2 Metropolitan",5032,2019,60,"Driver Rider","2: MI","Y"
"2 Metropolitan",5008,2019,60,"Driver Rider","4: Fatal","Y"
"2 Metropolitan",5108,2019,60,"Driver Rider","2: MI","Y"
"2 Metropolitan",5095,2019,60,"Driver Rider","3: SI","Y"
"3 Country",5333,2019,110,"Driver Rider","4: Fatal","Y"
"2 Metropolitan",5157,2019,80,"Driver Rider","1: PDO","Y"
"3 Country",5700,2019,60,"Driver Rider","3: SI","Y"
"2 Metropolitan",5371,2019,100,"Driver Rider","2: MI","Y"
"2 Metropolitan",5008,2019,60,"Driver Rider","2: MI","Y"
"2 Metropolitan",5112,2019,60,"Driver Rider","3: SI","Y"
"2 Metropolitan",5121,2019,80,"Driver Rider","2: MI","Y"
"3 Country",5255,2019,50,"Driver Rider","1: PDO","Y"
"2 Metropolitan",5163,2019,50,"Driver Rider","3: SI","Y"
"2 Metropolitan",5052,2019,60,"Driver Rider","2: MI","Y"
"2 Metropolitan",5070,2019,50,"Driver Rider","2: MI","Y"
"2 Metropolitan",5242,2019,80,"Driver Rider","2: MI","Y"
"2 Metropolitan",5112,2019,80,"Driver Rider","2: MI","Y"
"2 Metropolitan",5019,2019,60,"Driver Rider","2: MI","Y"
"3 Country",5290,2019,50,"Driver Rider","1: PDO","Y"
"3 Country",5343,2019,100,"Driver Rider","1: PDO","Y"
"3 Country",5520,2019,110,"Driver Rider","4: Fatal","Y"
"2 Metropolitan",5251,2019,110,"Driver Rider","3: SI","Y"
"2 Metropolitan",5016,2019,60,"Driver Rider","2: MI","Y"
"3 Country",5255,2019,100,"Driver Rider","1: PDO","Y"
"2 Metropolitan",5162,2019,60,"Driver Rider","3: SI","Y"
"3 Country",5723,2019,50,"Driver Rider","2: MI","Y"
"3 Country",5290,2019,60,"Driver Rider","3: SI","Y"
"1 City",5000,2019,50,"Driver Rider","1: PDO","Y"
"2 Metropolitan",5087,2019,60,"Driver Rider","2: MI","Y"
"2 Metropolitan",5174,2019,80,"Animal","2: MI","Y"
"2 Metropolitan",5011,2019,50,"Driver Rider","4: Fatal","Y"
"2 Metropolitan",5037,2019,50,"Driver Rider","1: PDO","Y"
"2 Metropolitan",5162,2019,60,"Driver Rider","1: PDO","Y"
"2 Metropolitan",5009,2019,40,"Driver Rider","2: MI","Y"
"2 Metropolitan",5157,2019,80,"Driver Rider","3: SI","Y"
"2 Metropolitan",5243,2019,60,"Driver Rider","2: MI","Y"
"2 Metropolitan",5039,2019,60,"Driver Rider","2: MI","Y"
"2 Metropolitan",5085,2019,50,"Driver Rider","2: MI","Y"
"3 Country",5602,2019,110,"Driver Rider","3: SI","Y"
"2 Metropolitan",5109,2019,80,"Driver Rider","3: SI","Y"
"2 Metropolitan",5025,2019,60,"Driver Rider","2: MI","Y"
"2 Metropolitan",5094,2019,60,"Driver Rider","1: PDO","Y"
"2 Metropolitan",5098,2019,60,"Driver Rider","2: MI","Y"
"3 Country",5501,2019,110,"Driver Rider","3: SI","Y"
"2 Metropolitan",5157,2019,50,"Driver Rider","2: MI","Y"
"2 Metropolitan",5085,2019,60,"Pedestrian","4: Fatal","Y"
"3 Country",5523,2019,110,"Driver Rider","2: MI","Y"
"2 Metropolitan",5158,2019,80,"Driver Rider","3: SI","Y"
"3 Country",5253,2019,50,"Driver Rider","3: SI","Y"
"3 Country",5556,2019,100,"Animal","2: MI","Y"
"3 Country",5213,2019,80,"Driver Rider","1: PDO","Y"
"3 Country",5279,2019,100,"Animal","1: PDO","Y"
"2 Metropolitan",5251,2019,60,"Driver Rider","3: SI","Y"
"3 Country",5214,2019,100,"Driver Rider","2: MI","Y"
"3 Country",5276,2019,110,"Driver Rider","2: MI","Y"
"2 Metropolitan",5160,2019,80,"Driver Rider","2: MI","Y"
"2 Metropolitan",5093,2019,60,"Driver Rider","2: MI","Y"
"2 Metropolitan",5070,2019,60,"Driver Rider","2: MI","Y"
"2 Metropolitan",5096,2019,70,"Driver Rider","4: Fatal","Y"
"3 Country",5732,2019,100,"Driver Rider","4: Fatal","Y"
"3 Country",5255,2019,50,"Driver Rider","2: MI","Y"
"2 Metropolitan",5252,2019,110,"Driver Rider","2: MI","Y"
"2 Metropolitan",5116,2019,90,"Driver Rider","3: SI","Y"
"2 Metropolitan",5115,2019,60,"Driver Rider","3: SI","Y"
"1 City",5000,2019,50,"Driver Rider","1: PDO","Y"
"3 Country",5373,2019,50,"Driver Rider","1: PDO","Y"
"3 Country",5272,2019,100,"Driver Rider","3: SI","Y"
"2 Metropolitan",5048,2019,60,"Driver Rider","2: MI","Y"
"2 Metropolitan",5068,2019,60,"Driver Rider","3: SI","Y"
"3 Country",5153,2019,80,"Driver Rider","3: SI","Y"
"2 Metropolitan",5093,2019,60,"Driver Rider","2: MI","Y"
"2 Metropolitan",5024,2019,50,"Driver Rider","1: PDO","Y"
"3 Country",5501,2019,110,"Driver Rider","2: MI","Y"
"2 Metropolitan",5108,2019,60,"Driver Rider","2: MI","Y"
"3 Country",5333,2019,60,"Driver Rider","3: SI","Y"
"2 Metropolitan",5121,2019,80,"Driver Rider","3: SI","Y"
"3 Country",5201,2019,50,"Driver Rider","3: SI","Y"
"2 Metropolitan",5032,2019,60,"Driver Rider","2: MI","Y"
"3 Country",5254,2019,110,"Driver Rider","3: SI","Y"
"3 Country",5259,2019,100,"Driver Rider","2: MI","Y"
"2 Metropolitan",5114,2019,40,"Driver Rider","1: PDO","Y"
"2 Metropolitan",5113,2019,60,"Driver Rider","2: MI","Y"
"2 Metropolitan",5116,2019,80,"Driver Rider","3: SI","Y"
"3 Country",5554,2019,100,"Driver Rider","2: MI","Y"
"2 Metropolitan",5125,2019,60,"Driver Rider","3: SI","Y"
"2 Metropolitan",5062,2019,50,"Driver Rider","2: MI","Y"
"2 Metropolitan",5113,2019,60,"Driver Rider","3: SI","Y"
"2 Metropolitan",5039,2019,60,"Driver Rider","3: SI","Y"
"3 Country",5355,2019,80,"Driver Rider","2: MI","Y"
"2 Metropolitan",5081,2019,50,"Driver Rider","3: SI","Y"
"2 Metropolitan",5007,2019,50,"Driver Rider","2: MI","Y"
"2 Metropolitan",5172,2019,100,"Driver Rider","3: SI","Y"
"2 Metropolitan",5112,2019,80,"Driver Rider","2: MI","Y"
"2 Metropolitan",5066,2019,60,"Driver Rider","2: MI","Y"
"2 Metropolitan",5150,2019,60,"Driver Rider","3: SI","Y"
"2 Metropolitan",5106,2019,80,"Driver Rider","2: MI","Y"
"2 Metropolitan",5065,2019,60,"Other","2: MI","Y"
"3 Country",5272,2019,110,"Driver Rider","3: SI","Y"
"2 Metropolitan",5085,2019,60,"Driver Rider","2: MI","Y"
"3 Country",5291,2019,20,"Driver Rider","3: SI","Y"
"2 Metropolitan",5009,2019,60,"Driver Rider","1: PDO","Y"
"2 Metropolitan",5022,2019,50,"Driver Rider","1: PDO","Y"
"2 Metropolitan",5108,2019,70,"Driver Rider","1: PDO","Y"
"3 Country",5352,2019,90,"Driver Rider","2: MI","Y"
"2 Metropolitan",5011,2019,50,"Driver Rider","2: MI","Y"
"2 Metropolitan",5114,2019,100,"Driver Rider","3: SI","Y"
"2 Metropolitan",5159,2019,50,"Driver Rider","3: SI","Y"
"3 Country",5265,2019,110,"Driver Rider","3: SI","Y"
"2 Metropolitan",5072,2019,60,"Driver Rider","2: MI","Y"
"3 Country",5373,2019,50,"Driver Rider","2: MI","Y"
"3 Country",5331,2019,110,"Driver Rider","2: MI","Y"
"2 Metropolitan",5114,2019,80,"Driver Rider","3: SI","Y"
"3 Country",5580,2019,100,"Driver Rider","4: Fatal","Y"
"2 Metropolitan",5024,2020,60,"Driver Rider","2: MI","Y"
"2 Metropolitan",5024,2020,60,"Driver Rider","2: MI","Y"
"2 Metropolitan",5092,2020,60,"Driver Rider","2: MI","Y"
"2 Metropolitan",5082,2020,60,"Driver Rider","2: MI","Y"
"2 Metropolitan",5108,2020,60,"Driver Rider","3: SI","Y"
"2 Metropolitan",5007,2020,50,"Driver Rider","2: MI","Y"
"2 Metropolitan",5084,2020,60,"Driver Rider","2: MI","Y"
"2 Metropolitan",5116,2020,40,"Driver Rider","3: SI","Y"
"2 Metropolitan",5162,2020,50,"Driver Rider","2: MI","Y"
"2 Metropolitan",5042,2020,60,"Driver Rider","2: MI","Y"
"2 Metropolitan",5052,2020,60,"Driver Rider","2: MI","Y"
"3 Country",5202,2020,80,"Driver Rider","3: SI","Y"
"2 Metropolitan",5013,2020,50,"Driver Rider","2: MI","Y"
"2 Metropolitan",5062,2020,60,"Driver Rider","3: SI","Y"
"2 Metropolitan",5023,2020,60,"Driver Rider","2: MI","Y"
"2 Metropolitan",5121,2020,80,"Driver Rider","2: MI","Y"
"2 Metropolitan",5046,2020,60,"Driver Rider","2: MI","Y"
"2 Metropolitan",5034,2020,50,"Driver Rider","1: PDO","Y"
"3 Country",5263,2020,110,"Driver Rider","1: PDO","Y"
"2 Metropolitan",5013,2020,60,"Driver Rider","1: PDO","Y"
"3 Country",5290,2020,50,"Driver Rider","2: MI","Y"
"3 Country",5301,2020,110,"Driver Rider","3: SI","Y"
"3 Country",5680,2020,60,"Driver Rider","1: PDO","Y"
"2 Metropolitan",5121,2020,90,"Driver Rider","2: MI","Y"
"2 Metropolitan",5041,2020,60,"Driver Rider","3: SI","Y"
"2 Metropolitan",5167,2020,60,"Driver Rider","3: SI","Y"
"2 Metropolitan",5038,2020,50,"Driver Rider","2: MI","Y"
"2 Metropolitan",5049,2020,60,"Driver Rider","2: MI","Y"
"3 Country",5570,2020,100,"Driver Rider","4: Fatal","Y"
"2 Metropolitan",5019,2020,50,"Driver Rider","1: PDO","Y"
"1 City",5000,2020,50,"Driver Rider","3: SI","Y"
"2 Metropolitan",5021,2020,60,"Driver Rider","2: MI","Y"
"2 Metropolitan",5068,2020,60,"Driver Rider","2: MI","Y"
"3 Country",5255,2020,100,"Driver Rider","2: MI","Y"
"2 Metropolitan",5231,2020,80,"Driver Rider","2: MI","Y"
"2 Metropolitan",5114,2020,100,"Driver Rider","3: SI","Y"
"3 Country",5214,2020,80,"Driver Rider","2: MI","Y"
"2 Metropolitan",5251,2020,110,"Driver Rider","2: MI","Y"
"2 Metropolitan",5096,2020,60,"Driver Rider","4: Fatal","Y"
"1 City",5006,2020,50,"Driver Rider","2: MI","Y"
"2 Metropolitan",5233,2020,50,"Driver Rider","2: MI","Y"
"2 Metropolitan",5094,2020,60,"Driver Rider","1: PDO","Y"
"2 Metropolitan",5113,2020,50,"Driver Rider","2: MI","Y"
"2 Metropolitan",5086,2020,60,"Driver Rider","3: SI","Y"
"3 Country",5291,2020,100,"Driver Rider","3: SI","Y"
"3 Country",5571,2020,50,"Driver Rider","1: PDO","Y"
"2 Metropolitan",5161,2020,50,"Driver Rider","3: SI","Y"
"3 Country",5303,2020,110,"Driver Rider","2: MI","Y"
"3 Country",5356,2020,100,"Driver Rider","2: MI","Y"
"2 Metropolitan",5162,2020,60,"Driver Rider","3: SI","Y"
"2 Metropolitan",5108,2020,50,"Driver Rider","3: SI","Y"
"2 Metropolitan",5160,2020,50,"Driver Rider","1: PDO","Y"
"3 Country",5255,2020,80,"Driver Rider","4: Fatal","Y"
"3 Country",5253,2020,110,"Driver Rider","3: SI","Y"
"2 Metropolitan",5089,2020,60,"Driver Rider","1: PDO","Y"
"2 Metropolitan",5114,2020,60,"Driver Rider","1: PDO","Y"
"2 Metropolitan",5095,2020,80,"Driver Rider","3: SI","Y"
"2 Metropolitan",5043,2020,60,"Driver Rider","2: MI","Y"
"2 Metropolitan",5120,2020,100,"Driver Rider","3: SI","Y"
"2 Metropolitan",5136,2020,60,"Driver Rider","2: MI","Y"
"2 Metropolitan",5070,2020,60,"Driver Rider","3: SI","Y"
"2 Metropolitan",5163,2020,60,"Driver Rider","2: MI","Y"
"3 Country",5302,2020,110,"Driver Rider","2: MI","Y"
"3 Country",5360,2020,110,"Driver Rider","2: MI","Y"
"3 Country",5690,2020,110,"Driver Rider","2: MI","Y"
"3 Country",872,2020,100,"Driver Rider","4: Fatal","Y"
"3 Country",5213,2020,50,"Driver Rider","3: SI","Y"
"2 Metropolitan",5092,2020,100,"Driver Rider","1: PDO","Y"
"3 Country",5345,2020,90,"Driver Rider","2: MI","Y"
"2 Metropolitan",5231,2020,100,"Driver Rider","4: Fatal","Y"
"2 Metropolitan",5023,2020,60,"Driver Rider","2: MI","Y"
"2 Metropolitan",5254,2020,110,"Driver Rider","2: MI","Y"
"2 Metropolitan",5171,2020,80,"Driver Rider","1: PDO","Y"
"3 Country",5608,2020,60,"Driver Rider","3: SI","Y"
"2 Metropolitan",5113,2020,60,"Driver Rider","2: MI","Y"
"2 Metropolitan",5084,2020,50,"Driver Rider","1: PDO","Y"
"2 Metropolitan",5161,2020,80,"Driver Rider","1: PDO","Y"
"2 Metropolitan",5110,2020,90,"Driver Rider","4: Fatal","Y"
"3 Country",5608,2020,50,"Driver Rider","3: SI","Y"
"3 Country",5460,2020,100,"Driver Rider","3: SI","Y"
"2 Metropolitan",5022,2020,60,"Driver Rider","1: PDO","Y"
"3 Country",5550,2020,50,"Driver Rider","2: MI","Y"
"2 Metropolitan",5162,2020,50,"Driver Rider","2: MI","Y"
"2 Metropolitan",5108,2020,60,"Driver Rider","2: MI","Y"
"2 Metropolitan",5114,2020,100,"Driver Rider","2: MI","Y"
"2 Metropolitan",5111,2020,80,"Driver Rider","4: Fatal","Y"
"2 Metropolitan",5108,2020,60,"Passenger","2: MI","Y"
"1 City",5006,2020,60,"Driver Rider","3: SI","Y"
"2 Metropolitan",5081,2020,60,"Driver Rider","1: PDO","Y"
"3 Country",5652,2020,100,"Pedestrian","4: Fatal","Y"
"2 Metropolitan",5037,2020,60,"Driver Rider","2: MI","Y"
"2 Metropolitan",5085,2020,60,"Driver Rider","1: PDO","Y"
"2 Metropolitan",5115,2020,60,"Driver Rider","3: SI","Y"
"2 Metropolitan",5169,2020,70,"Driver Rider","1: PDO","Y"
"2 Metropolitan",5112,2020,50,"Driver Rider","1: PDO","Y"
"2 Metropolitan",5022,2020,50,"Driver Rider","2: MI","Y"
"2 Metropolitan",5094,2020,70,"Driver Rider","2: MI","Y"
"2 Metropolitan",5108,2020,60,"Driver Rider","1: PDO","Y"
"2 Metropolitan",5020,2020,50,"Driver Rider","2: MI","Y"
"3 Country",5604,2020,110,"Driver Rider","2: MI","Y"
"3 Country",5253,2020,50,"Driver Rider","2: MI","Y"
"2 Metropolitan",5094,2020,70,"Driver Rider","2: MI","Y"
"2 Metropolitan",5014,2020,60,"Driver Rider","2: MI","Y"
"2 Metropolitan",5083,2020,60,"Driver Rider","2: MI","Y"
"3 Country",5558,2020,100,"Driver Rider","3: SI","Y"
"3 Country",5223,2020,100,"Driver Rider","2: MI","Y"
"2 Metropolitan",5107,2020,60,"Driver Rider","2: MI","Y"
"3 Country",5211,2020,100,"Driver Rider","4: Fatal","Y"
"2 Metropolitan",5113,2020,60,"Driver Rider","1: PDO","Y"
"3 Country",5453,2020,80,"Driver Rider","2: MI","Y"
"2 Metropolitan",5115,2020,80,"Driver Rider","2: MI","Y"
"2 Metropolitan",5163,2020,80,"Driver Rider","3: SI","Y"
"2 Metropolitan",5112,2020,50,"Driver Rider","2: MI","Y"
"2 Metropolitan",5173,2020,50,"Driver Rider","3: SI","Y"
"2 Metropolitan",5162,2020,60,"Driver Rider","2: MI","Y"
"2 Metropolitan",5112,2020,80,"Driver Rider","4: Fatal","Y"
"3 Country",5351,2020,100,"Driver Rider","1: PDO","Y"
"3 Country",5700,2020,100,"Driver Rider","2: MI","Y"
"2 Metropolitan",5032,2020,50,"Driver Rider","1: PDO","Y"
"2 Metropolitan",5132,2020,80,"Driver Rider","3: SI","Y"
"3 Country",5340,2020,80,"Driver Rider","4: Fatal","Y"
"3 Country",5414,2020,110,"Driver Rider","2: MI","Y"
"3 Country",5552,2020,100,"Driver Rider","3: SI","Y"
"3 Country",5290,2020,60,"Driver Rider","2: MI","Y"
"2 Metropolitan",5098,2020,60,"Driver Rider","3: SI","Y"
"2 Metropolitan",5013,2020,50,"Driver Rider","2: MI","Y"
"2 Metropolitan",5112,2020,50,"Driver Rider","1: PDO","Y"
"2 Metropolitan",5070,2020,50,"Driver Rider","2: MI","Y"
"2 Metropolitan",5950,2020,60,"Driver Rider","1: PDO","Y"
"2 Metropolitan",5035,2020,40,"Driver Rider","2: MI","Y"
"2 Metropolitan",5011,2020,60,"Driver Rider","1: PDO","Y"
"2 Metropolitan",5062,2020,50,"Driver Rider","2: MI","Y"
"2 Metropolitan",5251,2020,60,"Driver Rider","2: MI","Y"
"2 Metropolitan",5109,2020,80,"Driver Rider","3: SI","Y"
"2 Metropolitan",5131,2020,80,"Driver Rider","2: MI","Y"
"2 Metropolitan",5109,2020,60,"Driver Rider","2: MI","Y"
"3 Country",5501,2020,110,"Driver Rider","1: PDO","Y"
"2 Metropolitan",5168,2020,50,"Driver Rider","2: MI","Y"
"3 Country",5360,2020,100,"Driver Rider","2: MI","Y"
"2 Metropolitan",5075,2020,50,"Driver Rider","1: PDO","Y"
"3 Country",5351,2020,90,"Driver Rider","1: PDO","Y"
"2 Metropolitan",5049,2020,60,"Driver Rider","3: SI","Y"
"3 Country",5700,2020,100,"Other","2: MI","Y"
"3 Country",5414,2020,60,"Driver Rider","1: PDO","Y"
"1 City",5000,2020,50,"Driver Rider","3: SI","Y"
"3 Country",5608,2020,50,"Driver Rider","4: Fatal","Y"
"2 Metropolitan",5085,2020,50,"Driver Rider","2: MI","Y"
"2 Metropolitan",5033,2020,60,"Driver Rider","3: SI","Y"
"2 Metropolitan",5116,2020,90,"Driver Rider","3: SI","Y"
"3 Country",5462,2020,100,"Driver Rider","3: SI","Y"
"1 City",5000,2020,50,"Driver Rider","2: MI","Y"
"2 Metropolitan",5168,2020,60,"Driver Rider","3: SI","Y"
"2 Metropolitan",5038,2020,60,"Driver Rider","2: MI","Y"
"2 Metropolitan",5115,2020,60,"Driver Rider","2: MI","Y"
"2 Metropolitan",5108,2020,60,"Driver Rider","2: MI","Y"
"2 Metropolitan",5152,2020,90,"Driver Rider","2: MI","Y"
"2 Metropolitan",5094,2020,60,"Driver Rider","2: MI","Y"
"2 Metropolitan",5094,2020,60,"Driver Rider","1: PDO","Y"
"2 Metropolitan",5116,2020,80,"Driver Rider","3: SI","Y"
"2 Metropolitan",5121,2020,60,"Driver Rider","1: PDO","Y"
"2 Metropolitan",5016,2020,50,"Driver Rider","2: MI","Y"
"2 Metropolitan",5250,2020,50,"Driver Rider","2: MI","Y"
"2 Metropolitan",5038,2020,60,"Driver Rider","2: MI","Y"
"3 Country",5202,2020,100,"Driver Rider","2: MI","Y"
"2 Metropolitan",5032,2020,60,"Driver Rider","4: Fatal","Y"
"3 Country",5606,2020,50,"Driver Rider","3: SI","Y"
"3 Country",5342,2020,110,"Driver Rider","2: MI","Y"
"2 Metropolitan",5041,2020,50,"Driver Rider","2: MI","Y"
"2 Metropolitan",5014,2020,60,"Driver Rider","2: MI","Y"
"2 Metropolitan",5173,2020,70,"Driver Rider","3: SI","Y"
"2 Metropolitan",5112,2020,80,"Driver Rider","3: SI","Y"
"2 Metropolitan",5112,2020,50,"Driver Rider","3: SI","Y"
"2 Metropolitan",5043,2020,50,"Driver Rider","1: PDO","Y"
"2 Metropolitan",5168,2020,60,"Driver Rider","3: SI","Y"
"2 Metropolitan",5012,2020,60,"Passenger","2: MI","Y"
"2 Metropolitan",5108,2020,70,"Driver Rider","1: PDO","Y"
"2 Metropolitan",5047,2020,80,"Driver Rider","2: MI","Y"
"2 Metropolitan",5037,2020,60,"Driver Rider","2: MI","Y"
"2 Metropolitan",5168,2020,60,"Driver Rider","2: MI","Y"
"3 Country",5255,2020,100,"Driver Rider","2: MI","Y"
"2 Metropolitan",5501,2020,80,"Driver Rider","2: MI","Y"
"3 Country",5270,2020,100,"Driver Rider","2: MI","Y"
"2 Metropolitan",5157,2020,70,"Driver Rider","2: MI","Y"
"3 Country",5690,2020,110,"Driver Rider","1: PDO","Y"
"3 Country",5560,2020,100,"Driver Rider","3: SI","Y"
"2 Metropolitan",5032,2020,60,"Driver Rider","1: PDO","Y"
"2 Metropolitan",5113,2020,50,"Driver Rider","3: SI","Y"
"2 Metropolitan",5012,2020,50,"Driver Rider","1: PDO","Y"
"3 Country",5491,2020,60,"Driver Rider","3: SI","Y"
"2 Metropolitan",5121,2020,110,"Driver Rider","1: PDO","Y"
"2 Metropolitan",5042,2020,60,"Driver Rider","2: MI","Y"
"2 Metropolitan",5048,2020,50,"Driver Rider","2: MI","Y"
"3 Country",5372,2020,100,"Driver Rider","2: MI","Y"
"2 Metropolitan",5251,2020,100,"Driver Rider","2: MI","Y"
"2 Metropolitan",5158,2020,80,"Driver Rider","2: MI","Y"
"2 Metropolitan",5251,2020,50,"Driver Rider","2: MI","Y"
"2 Metropolitan",5173,2020,50,"Driver Rider","1: PDO","Y"
"2 Metropolitan",5118,2020,50,"Driver Rider","2: MI","Y"
"2 Metropolitan",5048,2020,60,"Driver Rider","2: MI","Y"
"3 Country",5341,2020,80,"Driver Rider","3: SI","Y"
"2 Metropolitan",5037,2020,60,"Driver Rider","2: MI","Y"
"2 Metropolitan",5095,2020,70,"Driver Rider","2: MI","Y"
"1 City",5000,2020,50,"Driver Rider","2: MI","Y"
"3 Country",5417,2020,60,"Driver Rider","2: MI","Y"
"2 Metropolitan",5117,2020,60,"Driver Rider","2: MI","Y"
"2 Metropolitan",5062,2020,60,"Driver Rider","2: MI","Y"
"3 Country",5255,2020,100,"Driver Rider","2: MI","Y"
"2 Metropolitan",5094,2020,60,"Driver Rider","2: MI","Y"
"2 Metropolitan",5033,2020,60,"Driver Rider","2: MI","Y"
"2 Metropolitan",5070,2020,60,"Driver Rider","2: MI","Y"
"2 Metropolitan",5113,2020,60,"Driver Rider","3: SI","Y"
"2 Metropolitan",5043,2020,50,"Driver Rider","1: PDO","Y"
"3 Country",5354,2020,110,"Driver Rider","3: SI","Y"
"2 Metropolitan",5019,2020,40,"Driver Rider","1: PDO","Y"
"2 Metropolitan",5153,2020,60,"Driver Rider","3: SI","Y"
"2 Metropolitan",5013,2020,60,"Driver Rider","2: MI","Y"
"3 Country",5558,2020,50,"Driver Rider","2: MI","Y"
"2 Metropolitan",5160,2020,80,"Driver Rider","2: MI","Y"
"2 Metropolitan",5017,2020,50,"Driver Rider","2: MI","Y"
"2 Metropolitan",5069,2020,60,"Driver Rider","3: SI","Y"
"2 Metropolitan",5162,2020,80,"Driver Rider","2: MI","Y"
"2 Metropolitan",5252,2020,110,"Driver Rider","2: MI","Y"
"2 Metropolitan",5116,2020,50,"Driver Rider","4: Fatal","Y"
"3 Country",5351,2020,80,"Driver Rider","3: SI","Y"
"2 Metropolitan",5109,2020,60,"Driver Rider","2: MI","Y"
"3 Country",5452,2020,100,"Driver Rider","2: MI","Y"
"2 Metropolitan",5039,2020,60,"Driver Rider","2: MI","Y"
"3 Country",5453,2020,50,"Driver Rider","2: MI","Y"
"2 Metropolitan",5113,2020,50,"Driver Rider","3: SI","Y"
"2 Metropolitan",5090,2020,60,"Driver Rider","2: MI","Y"
"3 Country",5453,2020,50,"Driver Rider","2: MI","Y"
"2 Metropolitan",5014,2020,60,"Driver Rider","2: MI","Y"
"2 Metropolitan",5081,2020,50,"Driver Rider","2: MI","Y"
"2 Metropolitan",5025,2020,60,"Driver Rider","3: SI","Y"
"2 Metropolitan",5109,2020,80,"Driver Rider","3: SI","Y"
"2 Metropolitan",5172,2020,80,"Driver Rider","2: MI","Y"
"3 Country",5501,2020,40,"Driver Rider","1: PDO","Y"
"2 Metropolitan",5039,2020,60,"Driver Rider","3: SI","Y"
"2 Metropolitan",5115,2020,80,"Driver Rider","2: MI","Y"
"3 Country",5255,2020,100,"Driver Rider","2: MI","Y"
"3 Country",5253,2020,100,"Driver Rider","3: SI","Y"
"3 Country",5172,2020,100,"Driver Rider","3: SI","Y"
"3 Country",5640,2020,110,"Driver Rider","2: MI","Y"
"2 Metropolitan",5110,2020,90,"Driver Rider","3: SI","Y"
"3 Country",5256,2020,100,"Driver Rider","3: SI","Y"
"2 Metropolitan",5201,2020,100,"Driver Rider","2: MI","Y"
"3 Country",5320,2020,110,"Driver Rider","2: MI","Y"
"2 Metropolitan",5081,2020,60,"Driver Rider","3: SI","Y"
"2 Metropolitan",5110,2020,110,"Driver Rider","2: MI","Y"
"3 Country",5254,2020,110,"Driver Rider","3: SI","Y"
"1 City",5000,2020,50,"Driver Rider","2: MI","Y"
"2 Metropolitan",5242,2020,80,"Driver Rider","2: MI","Y"
"2 Metropolitan",5109,2020,60,"Driver Rider","2: MI","Y"
"3 Country",5264,2020,50,"Driver Rider","2: MI","Y"
"2 Metropolitan",5007,2020,60,"Driver Rider","2: MI","Y"
"2 Metropolitan",5032,2020,50,"Driver Rider","2: MI","Y"
"3 Country",5255,2020,100,"Driver Rider","2: MI","Y"
"3 Country",5724,2020,110,"Driver Rider","4: Fatal","Y"
"2 Metropolitan",5098,2020,60,"Driver Rider","3: SI","Y"
"2 Metropolitan",5153,2020,80,"Driver Rider","3: SI","Y"
"3 Country",5277,2020,50,"Driver Rider","3: SI","Y"
"2 Metropolitan",5096,2020,60,"Driver Rider","2: MI","Y"
"2 Metropolitan",5240,2020,80,"Driver Rider","2: MI","Y"
"3 Country",5223,2020,100,"Driver Rider","1: PDO","Y"
"3 Country",5211,2020,80,"Driver Rider","3: SI","Y"
"3 Country",5556,2020,100,"Driver Rider","2: MI","Y"
"2 Metropolitan",5023,2020,50,"Driver Rider","1: PDO","Y"
"2 Metropolitan",5109,2020,60,"Driver Rider","1: PDO","Y"
"2 Metropolitan",5160,2020,80,"Driver Rider","3: SI","Y"
"2 Metropolitan",5131,2020,80,"Driver Rider","1: PDO","Y"
"2 Metropolitan",5157,2020,80,"Driver Rider","2: MI","Y"
"2 Metropolitan",5159,2020,50,"Driver Rider","1: PDO","Y"
"2 Metropolitan",5082,2020,50,"Driver Rider","2: MI","Y"
"2 Metropolitan",5158,2020,80,"Driver Rider","1: PDO","Y"
"2 Metropolitan",5083,2020,60,"Driver Rider","3: SI","Y"
"3 Country",5253,2020,50,"Driver Rider","1: PDO","Y"
"3 Country",5253,2020,50,"Driver Rider","3: SI","Y"
"2 Metropolitan",5167,2020,50,"Driver Rider","2: MI","Y"
"2 Metropolitan",5201,2020,100,"Driver Rider","2: MI","Y"
"2 Metropolitan",5068,2020,60,"Driver Rider","2: MI","Y"
"3 Country",5254,2020,110,"Driver Rider","2: MI","Y"
"3 Country",5600,2020,60,"Driver Rider","2: MI","Y"
"3 Country",5234,2020,100,"Driver Rider","3: SI","Y"
"2 Metropolitan",5108,2020,60,"Driver Rider","1: PDO","Y"
"2 Metropolitan",5108,2020,50,"Driver Rider","3: SI","Y"
"2 Metropolitan",5010,2020,90,"Driver Rider","3: SI","Y"
"3 Country",5690,2020,100,"Passenger","4: Fatal","Y"
"2 Metropolitan",5043,2020,60,"Driver Rider","1: PDO","Y"
"2 Metropolitan",5064,2020,60,"Driver Rider","2: MI","Y"
"2 Metropolitan",5086,2020,60,"Driver Rider","1: PDO","Y"
"2 Metropolitan",5092,2020,60,"Driver Rider","2: MI","Y"
"2 Metropolitan",5046,2020,60,"Driver Rider","2: MI","Y"
"3 Country",5560,2020,100,"Driver Rider","2: MI","Y"
"2 Metropolitan",5047,2020,80,"Driver Rider","2: MI","Y"
"2 Metropolitan",5095,2020,50,"Driver Rider","1: PDO","Y"
"3 Country",5262,2020,100,"Driver Rider","1: PDO","Y"
"3 Country",5419,2020,110,"Driver Rider","2: MI","Y"
"3 Country",5353,2020,80,"Driver Rider","2: MI","Y"
"2 Metropolitan",5231,2020,100,"Driver Rider","2: MI","Y"
"2 Metropolitan",5012,2020,60,"Driver Rider","3: SI","Y"
"3 Country",5238,2020,50,"Driver Rider","3: SI","Y"
"2 Metropolitan",5062,2020,60,"Driver Rider","2: MI","Y"
"2 Metropolitan",5251,2020,110,"Driver Rider","2: MI","Y"
"2 Metropolitan",5012,2020,60,"Driver Rider","2: MI","Y"
"2 Metropolitan",5038,2020,50,"Driver Rider","2: MI","Y"
"3 Country",5255,2020,100,"Driver Rider","3: SI","Y"
"2 Metropolitan",5023,2020,50,"Driver Rider","1: PDO","Y"
"2 Metropolitan",5047,2020,60,"Driver Rider","4: Fatal","Y"
"2 Metropolitan",5115,2020,60,"Driver Rider","2: MI","Y"
"3 Country",5413,2020,100,"Driver Rider","2: MI","Y"
"2 Metropolitan",5169,2020,70,"Driver Rider","3: SI","Y"
"3 Country",5290,2020,50,"Driver Rider","2: MI","Y"
"3 Country",5372,2020,100,"Driver Rider","4: Fatal","Y"
"3 Country",5280,2020,110,"Driver Rider","2: MI","Y"
"3 Country",5264,2020,110,"Driver Rider","2: MI","Y"
"2 Metropolitan",5031,2020,50,"Driver Rider","2: MI","Y"
"2 Metropolitan",5095,2020,70,"Driver Rider","3: SI","Y"
"3 Country",5236,2020,80,"Driver Rider","3: SI","Y"
"2 Metropolitan",5050,2020,60,"Driver Rider","2: MI","Y"
"3 Country",5550,2020,110,"Driver Rider","2: MI","Y"
"2 Metropolitan",5094,2020,80,"Driver Rider","1: PDO","Y"
"3 Country",5259,2020,100,"Driver Rider","3: SI","Y"
"2 Metropolitan",5113,2020,50,"Driver Rider","2: MI","Y"
"2 Metropolitan",5112,2020,50,"Driver Rider","2: MI","Y"
"2 Metropolitan",5090,2020,60,"Driver Rider","2: MI","Y"
"3 Country",5330,2020,80,"Driver Rider","3: SI","Y"
"2 Metropolitan",5074,2020,50,"Driver Rider","2: MI","Y"
"2 Metropolitan",5023,2020,50,"Driver Rider","1: PDO","Y"
"2 Metropolitan",5015,2020,50,"Driver Rider","3: SI","Y"
"2 Metropolitan",5009,2020,50,"Driver Rider","3: SI","Y"
"3 Country",5690,2020,110,"Driver Rider","1: PDO","Y"
"2 Metropolitan",5110,2020,90,"Driver Rider","2: MI","Y"
"3 Country",5291,2020,100,"Driver Rider","3: SI","Y"
"2 Metropolitan",5043,2020,50,"Driver Rider","2: MI","Y"
"2 Metropolitan",5250,2020,80,"Driver Rider","2: MI","Y"
"2 Metropolitan",5112,2020,60,"Driver Rider","1: PDO","Y"
"3 Country",5343,2020,60,"Driver Rider","2: MI","Y"
"2 Metropolitan",5118,2020,110,"Driver Rider","1: PDO","Y"
"2 Metropolitan",5023,2020,60,"Driver Rider","2: MI","Y"
"2 Metropolitan",5153,2020,80,"Animal","3: SI","Y"
"2 Metropolitan",5022,2021,50,"Driver Rider","4: Fatal","Y"
"2 Metropolitan",5097,2021,60,"Driver Rider","2: MI","Y"
"2 Metropolitan",5112,2021,60,"Driver Rider","2: MI","Y"
"2 Metropolitan",5083,2021,50,"Driver Rider","2: MI","Y"
"2 Metropolitan",5037,2021,60,"Driver Rider","3: SI","Y"
"2 Metropolitan",5121,2021,80,"Driver Rider","3: SI","Y"
"2 Metropolitan",5009,2021,60,"Driver Rider","3: SI","Y"
"2 Metropolitan",5016,2021,50,"Driver Rider","3: SI","Y"
"2 Metropolitan",5025,2021,50,"Driver Rider","2: MI","Y"
"2 Metropolitan",5232,2021,80,"Driver Rider","2: MI","Y"
"2 Metropolitan",5106,2021,80,"Driver Rider","2: MI","Y"
"2 Metropolitan",5109,2021,50,"Driver Rider","1: PDO","Y"
"2 Metropolitan",5043,2021,50,"Driver Rider","3: SI","Y"
"2 Metropolitan",5120,2021,60,"Driver Rider","2: MI","Y"
"2 Metropolitan",5023,2021,50,"Driver Rider","3: SI","Y"
"2 Metropolitan",5159,2021,50,"Driver Rider","2: MI","Y"
"2 Metropolitan",5012,2021,50,"Driver Rider","2: MI","Y"
"2 Metropolitan",5082,2021,50,"Driver Rider","4: Fatal","Y"
"3 Country",5540,2021,50,"Driver Rider","1: PDO","Y"
"2 Metropolitan",5254,2021,80,"Driver Rider","2: MI","Y"
"2 Metropolitan",5063,2021,50,"Driver Rider","2: MI","Y"
"3 Country",5371,2021,100,"Driver Rider","2: MI","Y"
"2 Metropolitan",5021,2021,60,"Driver Rider","3: SI","Y"
"2 Metropolitan",5064,2021,60,"Driver Rider","2: MI","Y"
"2 Metropolitan",5108,2020,50,"Driver Rider","2: MI","Y"
"2 Metropolitan",5038,2021,50,"Driver Rider","3: SI","Y"
"2 Metropolitan",5112,2021,80,"Driver Rider","3: SI","Y"
"2 Metropolitan",5098,2021,60,"Driver Rider","3: SI","Y"
"2 Metropolitan",5031,2021,60,"Driver Rider","1: PDO","Y"
"2 Metropolitan",5013,2021,50,"Driver Rider","2: MI","Y"
"3 Country",5440,2021,110,"Driver Rider","2: MI","Y"
"2 Metropolitan",5110,2021,70,"Driver Rider","4: Fatal","Y"
"3 Country",5213,2021,80,"Driver Rider","3: SI","Y"
"2 Metropolitan",5113,2021,60,"Driver Rider","2: MI","Y"
"2 Metropolitan",5038,2021,60,"Driver Rider","3: SI","Y"
"2 Metropolitan",5045,2021,60,"Driver Rider","3: SI","Y"
"3 Country",5254,2021,110,"Driver Rider","1: PDO","Y"
"2 Metropolitan",5108,2021,50,"Driver Rider","2: MI","Y"
"3 Country",5556,2021,100,"Driver Rider","2: MI","Y"
"2 Metropolitan",5088,2021,60,"Driver Rider","3: SI","Y"
"3 Country",5523,2021,60,"Driver Rider","1: PDO","Y"
"2 Metropolitan",5109,2021,80,"Driver Rider","2: MI","Y"
"1 City",5006,2021,50,"Driver Rider","1: PDO","Y"
"3 Country",5719,2021,110,"Driver Rider","3: SI","Y"
"3 Country",5276,2021,100,"Driver Rider","2: MI","Y"
"3 Country",5223,2021,100,"Driver Rider","2: MI","Y"
"3 Country",5330,2021,100,"Driver Rider","2: MI","Y"
"2 Metropolitan",5109,2021,80,"Driver Rider","3: SI","Y"
"1 City",5000,2021,60,"Driver Rider","1: PDO","Y"
"3 Country",5255,2021,100,"Driver Rider","2: MI","Y"
"2 Metropolitan",5113,2021,60,"Driver Rider","3: SI","Y"
"2 Metropolitan",5038,2021,60,"Driver Rider","3: SI","Y"
"1 City",5000,2021,50,"Driver Rider","2: MI","Y"
"2 Metropolitan",5066,2021,60,"Animal","3: SI","Y"
"3 Country",5357,2021,110,"Driver Rider","2: MI","Y"
"3 Country",5223,2021,110,"Driver Rider","2: MI","Y"
"2 Metropolitan",5159,2021,80,"Driver Rider","2: MI","Y"
"2 Metropolitan",5086,2021,50,"Driver Rider","2: MI","Y"
"2 Metropolitan",5088,2021,60,"Driver Rider","3: SI","Y"
"1 City",5000,2021,50,"Driver Rider","2: MI","Y"
"2 Metropolitan",5501,2021,100,"Driver Rider","3: SI","Y"
"2 Metropolitan",5157,2021,80,"Driver Rider","3: SI","Y"
"2 Metropolitan",5081,2021,60,"Driver Rider","2: MI","Y"
"3 Country",5211,2021,60,"Driver Rider","2: MI","Y"
"2 Metropolitan",5094,2021,60,"Driver Rider","2: MI","Y"
"2 Metropolitan",5085,2021,50,"Driver Rider","4: Fatal","Y"
"3 Country",5291,2021,100,"Driver Rider","2: MI","Y"
"2 Metropolitan",5110,2021,60,"Driver Rider","2: MI","Y"
"3 Country",5431,2021,110,"Driver Rider","2: MI","Y"
"2 Metropolitan",5031,2021,50,"Driver Rider","3: SI","Y"
"2 Metropolitan",5094,2021,60,"Driver Rider","2: MI","Y"
"2 Metropolitan",5012,2021,60,"Driver Rider","2: MI","Y"
"2 Metropolitan",5156,2021,80,"Driver Rider","2: MI","Y"
"3 Country",5670,2021,110,"Animal","2: MI","Y"
"2 Metropolitan",5113,2021,50,"Driver Rider","2: MI","Y"
"3 Country",5502,2021,100,"Driver Rider","3: SI","Y"
"3 Country",5253,2021,110,"Driver Rider","1: PDO","Y"
"2 Metropolitan",5120,2021,40,"Driver Rider","2: MI","Y"
"3 Country",5374,2021,100,"Driver Rider","3: SI","Y"
"2 Metropolitan",5024,2021,60,"Driver Rider","2: MI","Y"
"2 Metropolitan",5173,2021,90,"Driver Rider","2: MI","Y"
"3 Country",5330,2021,110,"Driver Rider","2: MI","Y"
"2 Metropolitan",5116,2021,80,"Driver Rider","4: Fatal","Y"
"2 Metropolitan",5112,2021,80,"Driver Rider","3: SI","Y"
"3 Country",5560,2021,100,"Driver Rider","3: SI","Y"
"2 Metropolitan",5072,2021,60,"Driver Rider","1: PDO","Y"
"2 Metropolitan",5007,2021,60,"Driver Rider","3: SI","Y"
"2 Metropolitan",5095,2021,80,"Driver Rider","2: MI","Y"
"2 Metropolitan",5113,2021,50,"Driver Rider","3: SI","Y"
"2 Metropolitan",5106,2021,60,"Driver Rider","1: PDO","Y"
"3 Country",5558,2021,100,"Driver Rider","3: SI","Y"
"3 Country",5253,2021,50,"Driver Rider","2: MI","Y"
"2 Metropolitan",5008,2021,40,"Driver Rider","2: MI","Y"
"2 Metropolitan",5031,2021,60,"Driver Rider","1: PDO","Y"
"2 Metropolitan",5113,2021,60,"Driver Rider","2: MI","Y"
"3 Country",5600,2021,60,"Driver Rider","1: PDO","Y"
"3 Country",5341,2021,80,"Driver Rider","1: PDO","Y"
"2 Metropolitan",5110,2021,110,"Driver Rider","2: MI","Y"
"2 Metropolitan",5031,2021,60,"Driver Rider","3: SI","Y"
"2 Metropolitan",5043,2021,60,"Driver Rider","1: PDO","Y"
"2 Metropolitan",5108,2021,60,"Driver Rider","3: SI","Y"
"2 Metropolitan",5069,2021,60,"Driver Rider","1: PDO","Y"
"2 Metropolitan",5171,2021,90,"Driver Rider","1: PDO","Y"
"3 Country",5570,2021,100,"Driver Rider","2: MI","Y"
"2 Metropolitan",5241,2021,80,"Driver Rider","2: MI","Y"
"2 Metropolitan",5037,2021,50,"Driver Rider","2: MI","Y"
"2 Metropolitan",5097,2021,60,"Driver Rider","1: PDO","Y"
"2 Metropolitan",5108,2021,60,"Driver Rider","2: MI","Y"
"3 Country",5202,2021,100,"Driver Rider","1: PDO","Y"
"2 Metropolitan",5019,2021,60,"Driver Rider","2: MI","Y"
"2 Metropolitan",5113,2021,80,"Driver Rider","1: PDO","Y"
"2 Metropolitan",5023,2021,60,"Driver Rider","2: MI","Y"
"2 Metropolitan",5114,2021,100,"Driver Rider","3: SI","Y"
"2 Metropolitan",5098,2021,60,"Driver Rider","2: MI","Y"
"1 City",5006,2021,50,"Driver Rider","2: MI","Y"
"2 Metropolitan",5118,2021,50,"Driver Rider","1: PDO","Y"
"3 Country",5255,2021,80,"Driver Rider","1: PDO","Y"
"2 Metropolitan",5094,2021,70,"Driver Rider","2: MI","Y"
"1 City",5006,2021,50,"Driver Rider","1: PDO","Y"
"3 Country",5238,2021,100,"Driver Rider","4: Fatal","Y"
"3 Country",5203,2021,100,"Driver Rider","3: SI","Y"
"3 Country",5606,2021,50,"Driver Rider","1: PDO","Y"
"2 Metropolitan",5201,2021,80,"Driver Rider","3: SI","Y"
"2 Metropolitan",5022,2021,60,"Driver Rider","2: MI","Y"
"2 Metropolitan",5098,2021,60,"Driver Rider","1: PDO","Y"
"2 Metropolitan",5111,2021,60,"Driver Rider","3: SI","Y"
"2 Metropolitan",5014,2021,60,"Driver Rider","3: SI","Y"
"2 Metropolitan",5046,2021,60,"Driver Rider","4: Fatal","Y"
"2 Metropolitan",5096,2021,60,"Driver Rider","1: PDO","Y"
"3 Country",5291,2021,100,"Driver Rider","1: PDO","Y"
"2 Metropolitan",5118,2021,80,"Driver Rider","1: PDO","Y"
"2 Metropolitan",5118,2021,110,"Driver Rider","4: Fatal","Y"
"2 Metropolitan",5094,2021,90,"Driver Rider","2: MI","Y"
"3 Country",5267,2021,60,"Driver Rider","2: MI","Y"
"3 Country",5255,2021,50,"Driver Rider","4: Fatal","Y"
"3 Country",5540,2021,50,"Driver Rider","3: SI","Y"
"2 Metropolitan",5231,2021,80,"Driver Rider","2: MI","Y"
"2 Metropolitan",5165,2021,50,"Driver Rider","3: SI","Y"
"2 Metropolitan",5113,2021,50,"Driver Rider","2: MI","Y"
"2 Metropolitan",5108,2021,50,"Driver Rider","3: SI","Y"
"3 Country",5253,2021,50,"Driver Rider","2: MI","Y"
"2 Metropolitan",5114,2021,60,"Driver Rider","2: MI","Y"
"3 Country",5223,2021,100,"Driver Rider","3: SI","Y"
"3 Country",5330,2021,50,"Driver Rider","2: MI","Y"
"2 Metropolitan",5094,2021,80,"Driver Rider","2: MI","Y"
"3 Country",5501,2021,110,"Driver Rider","3: SI","Y"
"3 Country",5373,2021,100,"Driver Rider","2: MI","Y"
"2 Metropolitan",5160,2021,80,"Driver Rider","2: MI","Y"
"2 Metropolitan",5081,2021,60,"Driver Rider","1: PDO","Y"
"3 Country",5253,2021,100,"Driver Rider","2: MI","Y"
"2 Metropolitan",5024,2021,50,"Driver Rider","1: PDO","Y"
"2 Metropolitan",5117,2021,50,"Driver Rider","2: MI","Y"
"3 Country",5214,2021,80,"Driver Rider","2: MI","Y"
"2 Metropolitan",5108,2021,60,"Driver Rider","3: SI","Y"
"3 Country",5373,2021,50,"Driver Rider","3: SI","Y"
"2 Metropolitan",5010,2021,60,"Driver Rider","2: MI","Y"
"3 Country",5552,2021,100,"Driver Rider","2: MI","Y"
"2 Metropolitan",5019,2021,50,"Driver Rider","2: MI","Y"
"2 Metropolitan",5032,2021,50,"Driver Rider","3: SI","Y"
"2 Metropolitan",5092,2021,60,"Driver Rider","2: MI","Y"
"3 Country",5606,2021,50,"Driver Rider","2: MI","Y"
"2 Metropolitan",5031,2021,50,"Driver Rider","2: MI","Y"
"2 Metropolitan",5113,2021,50,"Driver Rider","3: SI","Y"
"2 Metropolitan",5159,2021,80,"Driver Rider","3: SI","Y"
"2 Metropolitan",5068,2021,50,"Driver Rider","3: SI","Y"
"2 Metropolitan",5109,2021,60,"Driver Rider","1: PDO","Y"
"2 Metropolitan",5108,2021,60,"Driver Rider","2: MI","Y"
"3 Country",5211,2021,100,"Driver Rider","3: SI","Y"
"3 Country",5495,2021,110,"Driver Rider","4: Fatal","Y"
"3 Country",5343,2021,60,"Driver Rider","2: MI","Y"
"3 Country",5700,2021,100,"Driver Rider","4: Fatal","Y"
"3 Country",5201,2021,80,"Driver Rider","3: SI","Y"
"2 Metropolitan",5131,2021,80,"Driver Rider","2: MI","Y"
"2 Metropolitan",5070,2021,60,"Driver Rider","2: MI","Y"
"2 Metropolitan",5008,2021,60,"Driver Rider","2: MI","Y"
"3 Country",5309,2021,110,"Driver Rider","3: SI","Y"
"2 Metropolitan",5152,2021,60,"Driver Rider","2: MI","Y"
"3 Country",5606,2021,50,"Driver Rider","3: SI","Y"
"2 Metropolitan",5022,2021,50,"Driver Rider","2: MI","Y"
"3 Country",5255,2021,50,"Driver Rider","1: PDO","Y"
"2 Metropolitan",5171,2021,80,"Animal","2: MI","Y"
"2 Metropolitan",5121,2021,90,"Driver Rider","2: MI","Y"
"2 Metropolitan",5109,2021,80,"Driver Rider","1: PDO","Y"
"2 Metropolitan",5086,2021,60,"Driver Rider","2: MI","Y"
"2 Metropolitan",5068,2021,60,"Driver Rider","2: MI","Y"
"3 Country",5495,2021,100,"Driver Rider","3: SI","Y"
"2 Metropolitan",5015,2021,50,"Driver Rider","1: PDO","Y"
"2 Metropolitan",5251,2021,110,"Driver Rider","3: SI","Y"
"2 Metropolitan",5064,2021,60,"Driver Rider","3: SI","Y"
"2 Metropolitan",5113,2021,60,"Driver Rider","3: SI","Y"
"2 Metropolitan",5159,2021,70,"Driver Rider","2: MI","Y"
"2 Metropolitan",5169,2021,70,"Driver Rider","2: MI","Y"
"2 Metropolitan",5072,2021,60,"Driver Rider","2: MI","Y"
"2 Metropolitan",5098,2021,60,"Driver Rider","2: MI","Y"
"2 Metropolitan",5157,2021,80,"Driver Rider","1: PDO","Y"
"3 Country",5277,2021,100,"Driver Rider","2: MI","Y"
"2 Metropolitan",5049,2021,50,"Driver Rider","2: MI","Y"
"3 Country",5254,2021,100,"Driver Rider","3: SI","Y"
"2 Metropolitan",5063,2021,60,"Driver Rider","2: MI","Y"
"3 Country",5608,2021,60,"Driver Rider","2: MI","Y"
"2 Metropolitan",5110,2021,80,"Driver Rider","3: SI","Y"
"2 Metropolitan",5098,2021,60,"Driver Rider","2: MI","Y"
"2 Metropolitan",5038,2021,60,"Driver Rider","3: SI","Y"
"3 Country",5353,2021,50,"Driver Rider","3: SI","Y"
"2 Metropolitan",5097,2021,50,"Driver Rider","2: MI","Y"
"3 Country",5473,2021,110,"Driver Rider","3: SI","Y"
"3 Country",5235,2021,100,"Driver Rider","2: MI","Y"
"2 Metropolitan",5082,2021,60,"Driver Rider","2: MI","Y"
"3 Country",5211,2021,80,"Driver Rider","1: PDO","Y"
"3 Country",5413,2021,80,"Driver Rider","4: Fatal","Y"
"3 Country",5210,2021,100,"Driver Rider","1: PDO","Y"
"2 Metropolitan",5109,2021,60,"Driver Rider","2: MI","Y"
"2 Metropolitan",5245,2021,100,"Driver Rider","3: SI","Y"
"2 Metropolitan",5134,2021,80,"Driver Rider","2: MI","Y"
"3 Country",5345,2021,100,"Driver Rider","3: SI","Y"
"2 Metropolitan",5160,2021,70,"Driver Rider","2: MI","Y"
"2 Metropolitan",5032,2021,50,"Driver Rider","1: PDO","Y"
"2 Metropolitan",5062,2021,60,"Driver Rider","2: MI","Y"
"2 Metropolitan",5039,2021,60,"Driver Rider","2: MI","Y"
"3 Country",5260,2021,50,"Driver Rider","2: MI","Y"
"2 Metropolitan",5231,2021,100,"Driver Rider","2: MI","Y"
"2 Metropolitan",5112,2021,80,"Driver Rider","2: MI","Y"
"2 Metropolitan",5161,2021,100,"Driver Rider","3: SI","Y"
"3 Country",5575,2021,50,"Driver Rider","2: MI","Y"
"3 Country",5501,2021,80,"Driver Rider","3: SI","Y"
"3 Country",5255,2021,100,"Driver Rider","2: MI","Y"
"2 Metropolitan",5118,2021,100,"Driver Rider","2: MI","Y"
"2 Metropolitan",5022,2021,40,"Driver Rider","2: MI","Y"
"2 Metropolitan",5155,2021,50,"Driver Rider","2: MI","Y"
"2 Metropolitan",5125,2021,60,"Driver Rider","2: MI","Y"
"2 Metropolitan",5042,2021,60,"Driver Rider","2: MI","Y"
"2 Metropolitan",5163,2021,60,"Driver Rider","2: MI","Y"
"2 Metropolitan",5115,2021,60,"Driver Rider","2: MI","Y"
"3 Country",5573,2021,50,"Driver Rider","3: SI","Y"
"3 Country",5291,2021,110,"Driver Rider","2: MI","Y"
"2 Metropolitan",5114,2021,80,"Driver Rider","3: SI","Y"
"2 Metropolitan",5070,2021,60,"Driver Rider","3: SI","Y"
"2 Metropolitan",5112,2021,50,"Driver Rider","2: MI","Y"
"2 Metropolitan",5063,2021,60,"Driver Rider","2: MI","Y"
"2 Metropolitan",5031,2021,50,"Driver Rider","3: SI","Y"
"3 Country",5710,2021,110,"Driver Rider","2: MI","Y"
"1 City",5000,2021,50,"Driver Rider","2: MI","Y"
"1 City",5006,2021,60,"Driver Rider","3: SI","Y"
"2 Metropolitan",5114,2021,50,"Driver Rider","2: MI","Y"
"2 Metropolitan",5141,2021,80,"Driver Rider","3: SI","Y"
"3 Country",5452,2021,80,"Driver Rider","2: MI","Y"
"2 Metropolitan",5008,2021,40,"Driver Rider","2: MI","Y"
"2 Metropolitan",5150,2021,90,"Driver Rider","3: SI","Y"
"3 Country",5501,2021,110,"Driver Rider","3: SI","Y"
"2 Metropolitan",5109,2021,80,"Driver Rider","1: PDO","Y"
"2 Metropolitan",5037,2021,50,"Other","2: MI","Y"
"2 Metropolitan",5062,2021,60,"Driver Rider","2: MI","Y"
"2 Metropolitan",5069,2021,60,"Driver Rider","2: MI","Y"
"3 Country",5491,2021,110,"Driver Rider","3: SI","Y"
"2 Metropolitan",5169,2021,60,"Driver Rider","2: MI","Y"
"2 Metropolitan",5121,2021,100,"Driver Rider","3: SI","Y"
"3 Country",5700,2021,110,"Driver Rider","3: SI","Y"
"3 Country",5264,2021,50,"Driver Rider","3: SI","Y"
"2 Metropolitan",5046,2021,60,"Driver Rider","3: SI","Y"
"3 Country",5261,2021,110,"Driver Rider","2: MI","Y"
"2 Metropolitan",5112,2021,60,"Driver Rider","1: PDO","Y"
"3 Country",5277,2021,50,"Driver Rider","2: MI","Y"
"3 Country",5277,2021,80,"Driver Rider","4: Fatal","Y"
"2 Metropolitan",5012,2021,60,"Driver Rider","3: SI","Y"
"2 Metropolitan",5042,2021,70,"Driver Rider","1: PDO","Y"
"2 Metropolitan",5088,2021,60,"Driver Rider","2: MI","Y"
"2 Metropolitan",5112,2021,60,"Driver Rider","1: PDO","Y"
"2 Metropolitan",5013,2021,60,"Driver Rider","3: SI","Y"
"2 Metropolitan",5161,2021,50,"Driver Rider","2: MI","Y"
"2 Metropolitan",5098,2021,60,"Driver Rider","2: MI","Y"
"3 Country",5223,2021,50,"Driver Rider","3: SI","Y"
"2 Metropolitan",5108,2021,90,"Driver Rider","3: SI","Y"
"2 Metropolitan",5025,2021,60,"Driver Rider","1: PDO","Y"
"2 Metropolitan",5049,2021,60,"Driver Rider","2: MI","Y"
"3 Country",5501,2021,100,"Driver Rider","2: MI","Y"
"3 Country",5222,2021,100,"Driver Rider","2: MI","Y"
"2 Metropolitan",5013,2021,50,"Driver Rider","2: MI","Y"
"3 Country",5290,2021,50,"Driver Rider","1: PDO","Y"
"2 Metropolitan",5125,2021,60,"Driver Rider","2: MI","Y"
"3 Country",5351,2021,100,"Driver Rider","4: Fatal","Y"
"3 Country",5540,2021,100,"Driver Rider","1: PDO","Y"
"2 Metropolitan",5068,2021,60,"Driver Rider","2: MI","Y"
"2 Metropolitan",5165,2021,70,"Driver Rider","2: MI","Y"
"3 Country",5290,2021,50,"Driver Rider","2: MI","Y"
"2 Metropolitan",5046,2021,60,"Driver Rider","3: SI","Y"
"2 Metropolitan",5244,2021,50,"Driver Rider","3: SI","Y"
"2 Metropolitan",5116,2021,50,"Driver Rider","2: MI","Y"
"2 Metropolitan",5085,2021,60,"Driver Rider","2: MI","Y"
"2 Metropolitan",5066,2021,50,"Driver Rider","2: MI","Y"
"2 Metropolitan",5108,2021,50,"Driver Rider","1: PDO","Y"
"3 Country",5641,2021,110,"Driver Rider","2: MI","Y"
"2 Metropolitan",5008,2021,50,"Driver Rider","2: MI","Y"
"3 Country",5202,2021,100,"Driver Rider","2: MI","Y"
"3 Country",5277,2021,110,"Driver Rider","4: Fatal","Y"
"3 Country",5272,2021,110,"Driver Rider","4: Fatal","Y"
"1 City",5006,2021,50,"Driver Rider","2: MI","Y"
"2 Metropolitan",5038,2021,60,"Driver Rider","2: MI","Y"
"2 Metropolitan",5163,2021,60,"Driver Rider","2: MI","Y"
"2 Metropolitan",5069,2021,60,"Driver Rider","3: SI","Y"
"3 Country",5222,2021,100,"Driver Rider","2: MI","Y"
"2 Metropolitan",5031,2021,60,"Driver Rider","3: SI","Y"
"3 Country",5575,2021,100,"Driver Rider","2: MI","Y"
"2 Metropolitan",5047,2021,80,"Driver Rider","2: MI","Y"
"3 Country",5353,2021,100,"Driver Rider","2: MI","Y"
"2 Metropolitan",5112,2022,50,"Driver Rider","3: SI","Y"
"2 Metropolitan",5061,2022,60,"Driver Rider","1: PDO","Y"
"2 Metropolitan",5086,2022,60,"Driver Rider","3: SI","Y"
"2 Metropolitan",5109,2022,80,"Driver Rider","2: MI","Y"
"2 Metropolitan",5096,2022,50,"Driver Rider","2: MI","Y"
"2 Metropolitan",5007,2022,40,"Driver Rider","3: SI","Y"
"3 Country",5291,2022,80,"Driver Rider","3: SI","Y"
"3 Country",5700,2022,110,"Driver Rider","3: SI","Y"
"2 Metropolitan",5118,2022,50,"Driver Rider","3: SI","Y"
"2 Metropolitan",5162,2022,80,"Driver Rider","2: MI","Y"
"3 Country",5290,2022,60,"Driver Rider","1: PDO","Y"
"3 Country",5540,2022,60,"Driver Rider","3: SI","Y"
"2 Metropolitan",5042,2022,60,"Driver Rider","3: SI","Y"
"3 Country",5268,2022,110,"Driver Rider","1: PDO","Y"
"1 City",5000,2022,60,"Driver Rider","2: MI","Y"
"3 Country",5540,2022,50,"Driver Rider","4: Fatal","Y"
"2 Metropolitan",5010,2022,60,"Driver Rider","3: SI","Y"
"3 Country",5340,2022,110,"Driver Rider","1: PDO","Y"
"2 Metropolitan",5121,2022,80,"Driver Rider","2: MI","Y"
"2 Metropolitan",5125,2022,80,"Driver Rider","3: SI","Y"
"2 Metropolitan",5082,2022,40,"Driver Rider","2: MI","Y"
"2 Metropolitan",5015,2022,60,"Driver Rider","3: SI","Y"
"2 Metropolitan",5014,2022,60,"Driver Rider","2: MI","Y"
"2 Metropolitan",5251,2022,60,"Driver Rider","2: MI","Y"
"2 Metropolitan",5041,2022,60,"Driver Rider","2: MI","Y"
"3 Country",5414,2022,100,"Driver Rider","2: MI","Y"
"3 Country",5262,2022,100,"Driver Rider","4: Fatal","Y"
"3 Country",5523,2022,60,"Driver Rider","1: PDO","Y"
"2 Metropolitan",5039,2022,50,"Driver Rider","2: MI","Y"
"2 Metropolitan",5068,2022,60,"Driver Rider","3: SI","Y"
"2 Metropolitan",5094,2022,60,"Driver Rider","2: MI","Y"
"2 Metropolitan",5048,2022,60,"Driver Rider","4: Fatal","Y"
"3 Country",5291,2022,110,"Driver Rider","3: SI","Y"
"3 Country",5222,2022,100,"Driver Rider","4: Fatal","Y"
"3 Country",5373,2022,60,"Driver Rider","2: MI","Y"
"3 Country",5501,2022,110,"Driver Rider","3: SI","Y"
"3 Country",5290,2022,50,"Driver Rider","2: MI","Y"
"2 Metropolitan",5158,2022,50,"Driver Rider","2: MI","Y"
"3 Country",5291,2022,100,"Driver Rider","2: MI","Y"
"2 Metropolitan",5108,2022,60,"Driver Rider","2: MI","Y"
"2 Metropolitan",5082,2022,60,"Driver Rider","2: MI","Y"
"2 Metropolitan",5044,2022,60,"Driver Rider","4: Fatal","Y"
"3 Country",5495,2022,110,"Driver Rider","2: MI","Y"
"3 Country",5341,2022,100,"Driver Rider","2: MI","Y"
"3 Country",5550,2022,40,"Driver Rider","2: MI","Y"
"2 Metropolitan",5042,2022,60,"Driver Rider","2: MI","Y"
"2 Metropolitan",5501,2022,80,"Driver Rider","3: SI","Y"
"2 Metropolitan",5007,2022,60,"Driver Rider","3: SI","Y"
"3 Country",5237,2022,100,"Driver Rider","2: MI","Y"
"3 Country",5571,2022,80,"Driver Rider","3: SI","Y"
"3 Country",5214,2022,100,"Driver Rider","2: MI","Y"
"2 Metropolitan",5167,2022,70,"Driver Rider","1: PDO","Y"
"2 Metropolitan",5082,2022,60,"Driver Rider","3: SI","Y"
"2 Metropolitan",5051,2022,50,"Driver Rider","2: MI","Y"
"2 Metropolitan",5160,2022,100,"Driver Rider","2: MI","Y"
"2 Metropolitan",5007,2022,60,"Driver Rider","3: SI","Y"
"3 Country",5253,2022,50,"Driver Rider","3: SI","Y"
"3 Country",5254,2022,100,"Driver Rider","2: MI","Y"
"2 Metropolitan",5037,2022,60,"Driver Rider","2: MI","Y"
"3 Country",5322,2022,80,"Driver Rider","3: SI","Y"
"2 Metropolitan",5086,2022,70,"Driver Rider","1: PDO","Y"
"2 Metropolitan",5013,2022,90,"Driver Rider","2: MI","Y"
"3 Country",5460,2022,100,"Driver Rider","1: PDO","Y"
"2 Metropolitan",5087,2022,60,"Driver Rider","2: MI","Y"
"2 Metropolitan",5121,2022,110,"Driver Rider","3: SI","Y"
"2 Metropolitan",5007,2022,60,"Driver Rider","1: PDO","Y"
"2 Metropolitan",5043,2022,60,"Driver Rider","1: PDO","Y"
"2 Metropolitan",5241,2022,60,"Driver Rider","2: MI","Y"
"3 Country",5608,2022,50,"Driver Rider","4: Fatal","Y"
"2 Metropolitan",5086,2022,60,"Driver Rider","3: SI","Y"
"2 Metropolitan",5023,2022,50,"Driver Rider","2: MI","Y"
"2 Metropolitan",5020,2022,50,"Driver Rider","1: PDO","Y"
"2 Metropolitan",5106,2022,60,"Driver Rider","4: Fatal","Y"
"2 Metropolitan",5163,2022,60,"Driver Rider","3: SI","Y"
"2 Metropolitan",5131,2022,50,"Driver Rider","2: MI","Y"
"2 Metropolitan",5013,2022,50,"Driver Rider","1: PDO","Y"
"3 Country",5575,2022,100,"Driver Rider","2: MI","Y"
"3 Country",5461,2022,100,"Driver Rider","3: SI","Y"
"2 Metropolitan",5047,2022,50,"Driver Rider","2: MI","Y"
"2 Metropolitan",5082,2022,60,"Driver Rider","2: MI","Y"
"2 Metropolitan",5106,2022,80,"Driver Rider","1: PDO","Y"
"1 City",5006,2022,50,"Driver Rider","1: PDO","Y"
"3 Country",5341,2022,60,"Driver Rider","3: SI","Y"
"2 Metropolitan",5160,2022,80,"Driver Rider","2: MI","Y"
"2 Metropolitan",5245,2022,80,"Driver Rider","4: Fatal","Y"
"3 Country",5254,2022,100,"Driver Rider","3: SI","Y"
"2 Metropolitan",5038,2022,60,"Driver Rider","2: MI","Y"
"2 Metropolitan",5013,2022,60,"Driver Rider","2: MI","Y"
"2 Metropolitan",5094,2022,60,"Driver Rider","2: MI","Y"
"3 Country",5255,2022,100,"Driver Rider","3: SI","Y"
"2 Metropolitan",5114,2022,60,"Driver Rider","2: MI","Y"
"2 Metropolitan",5041,2022,60,"Driver Rider","2: MI","Y"
"2 Metropolitan",5112,2022,60,"Driver Rider","1: PDO","Y"
"3 Country",5344,2022,90,"Driver Rider","2: MI","Y"
"2 Metropolitan",5163,2022,80,"Driver Rider","3: SI","Y"
"2 Metropolitan",5158,2022,80,"Driver Rider","3: SI","Y"
"2 Metropolitan",5082,2022,60,"Driver Rider","2: MI","Y"
"3 Country",5350,2022,90,"Driver Rider","2: MI","Y"
"2 Metropolitan",5168,2022,60,"Driver Rider","2: MI","Y"
"2 Metropolitan",5098,2022,50,"Driver Rider","1: PDO","Y"
"2 Metropolitan",5013,2022,60,"Driver Rider","3: SI","Y"
"3 Country",5268,2022,80,"Driver Rider","4: Fatal","Y"
"2 Metropolitan",5094,2022,70,"Driver Rider","3: SI","Y"
"2 Metropolitan",5115,2022,90,"Driver Rider","2: MI","Y"
"2 Metropolitan",5039,2022,60,"Driver Rider","2: MI","Y"
"2 Metropolitan",5152,2022,90,"Driver Rider","1: PDO","Y"
"2 Metropolitan",5048,2022,60,"Driver Rider","2: MI","Y"
"3 Country",5321,2022,50,"Driver Rider","3: SI","Y"
"2 Metropolitan",5084,2022,50,"Driver Rider","1: PDO","Y"
"2 Metropolitan",5034,2022,50,"Driver Rider","2: MI","Y"
"2 Metropolitan",5063,2022,60,"Driver Rider","1: PDO","Y"
"2 Metropolitan",5108,2022,60,"Driver Rider","3: SI","Y"
"3 Country",5461,2022,100,"Driver Rider","3: SI","Y"
"3 Country",5724,2022,110,"Driver Rider","3: SI","Y"
"3 Country",5607,2022,110,"Driver Rider","2: MI","Y"
"2 Metropolitan",5074,2022,60,"Driver Rider","2: MI","Y"
"2 Metropolitan",5116,2022,90,"Driver Rider","1: PDO","Y"
"2 Metropolitan",5240,2022,80,"Driver Rider","2: MI","Y"
"3 Country",5223,2022,100,"Driver Rider","3: SI","Y"
"2 Metropolitan",5019,2022,60,"Driver Rider","2: MI","Y"
"3 Country",5552,2022,100,"Driver Rider","3: SI","Y"
"2 Metropolitan",5025,2022,60,"Driver Rider","2: MI","Y"
"3 Country",5372,2022,100,"Driver Rider","2: MI","Y"
"3 Country",5214,2022,50,"Driver Rider","1: PDO","Y"
"3 Country",5501,2022,110,"Driver Rider","2: MI","Y"
"3 Country",5452,2022,100,"Driver Rider","3: SI","Y"
"2 Metropolitan",5110,2022,100,"Driver Rider","2: MI","Y"
"3 Country",5210,2022,100,"Driver Rider","3: SI","Y"
"2 Metropolitan",5162,2022,60,"Driver Rider","3: SI","Y"
"2 Metropolitan",5045,2022,50,"Driver Rider","3: SI","Y"
"3 Country",5271,2022,100,"Driver Rider","4: Fatal","Y"
"2 Metropolitan",5152,2022,60,"Driver Rider","3: SI","Y"
"3 Country",5453,2022,110,"Animal","3: SI","Y"
"2 Metropolitan",5113,2022,50,"Driver Rider","1: PDO","Y"
"2 Metropolitan",5116,2022,90,"Driver Rider","1: PDO","Y"
"3 Country",5413,2022,80,"Driver Rider","3: SI","Y"
"2 Metropolitan",5168,2022,60,"Driver Rider","2: MI","Y"
"3 Country",5333,2022,100,"Driver Rider","2: MI","Y"
"2 Metropolitan",5117,2022,60,"Driver Rider","3: SI","Y"
"3 Country",5211,2022,100,"Driver Rider","3: SI","Y"
"2 Metropolitan",5084,2022,50,"Driver Rider","2: MI","Y"
"3 Country",5212,2022,50,"Driver Rider","3: SI","Y"
"3 Country",5235,2022,100,"Driver Rider","3: SI","Y"
"2 Metropolitan",5010,2022,60,"Driver Rider","3: SI","Y"
"3 Country",5237,2022,50,"Driver Rider","2: MI","Y"
"2 Metropolitan",5039,2022,60,"Other","2: MI","Y"
"3 Country",5422,2022,100,"Driver Rider","3: SI","Y"
"2 Metropolitan",5116,2022,50,"Driver Rider","1: PDO","Y"
"3 Country",5330,2022,50,"Driver Rider","1: PDO","Y"
"2 Metropolitan",5064,2022,60,"Driver Rider","2: MI","Y"
"2 Metropolitan",5251,2022,50,"Driver Rider","3: SI","Y"
"2 Metropolitan",5062,2022,50,"Driver Rider","2: MI","Y"
"2 Metropolitan",5093,2022,60,"Driver Rider","2: MI","Y"
"2 Metropolitan",5150,2022,90,"Driver Rider","2: MI","Y"
"3 Country",5608,2022,50,"Driver Rider","2: MI","Y"
"2 Metropolitan",5114,2022,60,"Driver Rider","1: PDO","Y"
"3 Country",5291,2022,50,"Driver Rider","3: SI","Y"
"3 Country",5255,2022,100,"Driver Rider","3: SI","Y"
"3 Country",5238,2022,110,"Driver Rider","1: PDO","Y"
"2 Metropolitan",5113,2022,80,"Driver Rider","2: MI","Y"
"2 Metropolitan",5051,2022,50,"Driver Rider","2: MI","Y"
"3 Country",5353,2022,100,"Driver Rider","3: SI","Y"
"2 Metropolitan",5131,2022,50,"Driver Rider","1: PDO","Y"
"2 Metropolitan",5084,2022,60,"Driver Rider","2: MI","Y"
"3 Country",5301,2022,100,"Driver Rider","3: SI","Y"
"3 Country",5290,2022,50,"Driver Rider","2: MI","Y"
"2 Metropolitan",5010,2022,60,"Passenger","1: PDO","Y"
"2 Metropolitan",5047,2022,70,"Driver Rider","2: MI","Y"
"2 Metropolitan",5108,2022,50,"Driver Rider","4: Fatal","Y"
"3 Country",5608,2022,60,"Driver Rider","3: SI","Y"
"3 Country",5253,2022,110,"Driver Rider","2: MI","Y"
"3 Country",5607,2022,110,"Driver Rider","3: SI","Y"
"2 Metropolitan",5086,2022,60,"Driver Rider","1: PDO","Y"
"2 Metropolitan",5162,2022,60,"Driver Rider","1: PDO","Y"
"2 Metropolitan",5013,2022,60,"Driver Rider","2: MI","Y"
"2 Metropolitan",5087,2022,60,"Driver Rider","2: MI","Y"
"3 Country",5606,2022,50,"Driver Rider","1: PDO","Y"
"3 Country",5346,2022,80,"Animal","2: MI","Y"
"3 Country",5355,2022,50,"Driver Rider","2: MI","Y"
"3 Country",5502,2022,100,"Driver Rider","2: MI","Y"
"3 Country",5606,2022,50,"Driver Rider","2: MI","Y"
"3 Country",5345,2022,110,"Driver Rider","1: PDO","Y"
"3 Country",5341,2022,90,"Driver Rider","2: MI","Y"
"2 Metropolitan",5065,2022,50,"Driver Rider","2: MI","Y"
"2 Metropolitan",5112,2022,80,"Driver Rider","2: MI","Y"
"3 Country",5501,2022,100,"Driver Rider","3: SI","Y"
"2 Metropolitan",5158,2022,50,"Driver Rider","2: MI","Y"
"2 Metropolitan",5106,2022,70,"Driver Rider","2: MI","Y"
"2 Metropolitan",5074,2022,60,"Driver Rider","4: Fatal","Y"
"2 Metropolitan",5110,2022,90,"Driver Rider","2: MI","Y"
"2 Metropolitan",5045,2022,60,"Driver Rider","2: MI","Y"
"2 Metropolitan",5162,2022,50,"Driver Rider","2: MI","Y"
"2 Metropolitan",5110,2022,80,"Driver Rider","4: Fatal","Y"
"2 Metropolitan",5120,2022,80,"Driver Rider","1: PDO","Y"
"2 Metropolitan",5087,2022,60,"Driver Rider","2: MI","Y"
"2 Metropolitan",5042,2022,60,"Driver Rider","3: SI","Y"
"2 Metropolitan",5045,2022,60,"Driver Rider","2: MI","Y"
"2 Metropolitan",5112,2022,80,"Driver Rider","2: MI","Y"
"3 Country",5554,2022,50,"Driver Rider","1: PDO","Y"
"2 Metropolitan",5159,2022,70,"Driver Rider","2: MI","Y"
"3 Country",5352,2022,90,"Driver Rider","2: MI","Y"
"3 Country",5371,2022,90,"Driver Rider","2: MI","Y"
"3 Country",5267,2022,110,"Driver Rider","3: SI","Y"
"2 Metropolitan",5114,2022,100,"Driver Rider","4: Fatal","Y"
"2 Metropolitan",5038,2022,50,"Driver Rider","3: SI","Y"
"2 Metropolitan",5017,2022,60,"Driver Rider","3: SI","Y"
"2 Metropolitan",5088,2022,60,"Driver Rider","2: MI","Y"
"3 Country",5255,2022,80,"Driver Rider","2: MI","Y"
"3 Country",5211,2022,100,"Driver Rider","1: PDO","Y"
"2 Metropolitan",5091,2022,80,"Driver Rider","3: SI","Y"
"2 Metropolitan",5022,2022,40,"Driver Rider","2: MI","Y"
"3 Country",5653,2022,110,"Driver Rider","2: MI","Y"
"3 Country",5374,2022,100,"Driver Rider","2: MI","Y"
"2 Metropolitan",5048,2022,60,"Driver Rider","3: SI","Y"
"2 Metropolitan",5109,2022,80,"Driver Rider","2: MI","Y"
"2 Metropolitan",5157,2022,80,"Driver Rider","2: MI","Y"
"2 Metropolitan",5082,2022,60,"Driver Rider","2: MI","Y"
"2 Metropolitan",5067,2022,50,"Driver Rider","2: MI","Y"
"3 Country",5213,2022,80,"Driver Rider","3: SI","Y"
"3 Country",5490,2022,80,"Driver Rider","3: SI","Y"
"2 Metropolitan",5250,2022,80,"Driver Rider","3: SI","Y"
"3 Country",5723,2022,50,"Driver Rider","1: PDO","Y"
"2 Metropolitan",5023,2022,60,"Driver Rider","2: MI","Y"
"2 Metropolitan",5114,2022,50,"Driver Rider","2: MI","Y"
"3 Country",5223,2023,100,"Driver Rider","3: SI","Y"
"2 Metropolitan",5082,2023,50,"Driver Rider","3: SI","Y"
"2 Metropolitan",5039,2023,50,"Driver Rider","3: SI","Y"
"2 Metropolitan",5032,2023,60,"Driver Rider","3: SI","Y"
"3 Country",5401,2023,100,"Driver Rider","2: MI","Y"
"2 Metropolitan",5073,2023,60,"Driver Rider","3: SI","Y"
"3 Country",5350,2023,90,"Driver Rider","3: SI","Y"
"2 Metropolitan",5086,2023,60,"Driver Rider","1: PDO","Y"
"2 Metropolitan",5163,2023,80,"Driver Rider","2: MI","Y"
"2 Metropolitan",5039,2022,60,"Driver Rider","2: MI","Y"
"3 Country",5608,2023,10,"Driver Rider","3: SI","Y"
"3 Country",5271,2023,100,"Driver Rider","3: SI","Y"
"2 Metropolitan",5013,2023,60,"Driver Rider","2: MI","Y"
"2 Metropolitan",5092,2023,60,"Driver Rider","1: PDO","Y"
"2 Metropolitan",5022,2023,50,"Driver Rider","2: MI","Y"
"2 Metropolitan",5066,2023,50,"Driver Rider","2: MI","Y"
"2 Metropolitan",5115,2023,90,"Driver Rider","2: MI","Y"
"2 Metropolitan",5082,2023,60,"Driver Rider","2: MI","Y"
"3 Country",5332,2023,60,"Animal","3: SI","Y"
"2 Metropolitan",5095,2023,70,"Driver Rider","2: MI","Y"
"2 Metropolitan",5094,2023,70,"Driver Rider","2: MI","Y"
"3 Country",5210,2023,100,"Driver Rider","3: SI","Y"
"2 Metropolitan",5136,2023,60,"Driver Rider","3: SI","Y"
"3 Country",5690,2023,100,"Driver Rider","3: SI","Y"
"1 City",5006,2023,50,"Driver Rider","2: MI","Y"
"3 Country",5254,2023,100,"Driver Rider","3: SI","Y"
"2 Metropolitan",5065,2023,60,"Driver Rider","2: MI","Y"
"2 Metropolitan",5109,2023,80,"Driver Rider","3: SI","Y"
"2 Metropolitan",5118,2023,50,"Driver Rider","2: MI","Y"
"2 Metropolitan",5152,2023,60,"Driver Rider","2: MI","Y"
"3 Country",5552,2023,100,"Driver Rider","2: MI","Y"
"2 Metropolitan",5074,2023,60,"Driver Rider","2: MI","Y"
"2 Metropolitan",5158,2023,80,"Driver Rider","2: MI","Y"
"2 Metropolitan",5017,2023,50,"Driver Rider","2: MI","Y"
"2 Metropolitan",5156,2023,60,"Driver Rider","3: SI","Y"
"3 Country",5607,2023,80,"Driver Rider","3: SI","Y"
"3 Country",5211,2023,100,"Driver Rider","2: MI","Y"
"3 Country",5540,2023,50,"Driver Rider","3: SI","Y"
"2 Metropolitan",5013,2023,50,"Driver Rider","3: SI","Y"
"2 Metropolitan",5067,2023,60,"Driver Rider","2: MI","Y"
"2 Metropolitan",5024,2023,60,"Driver Rider","2: MI","Y"
"3 Country",5352,2023,90,"Driver Rider","3: SI","Y"
"3 Country",5715,2023,110,"Driver Rider","4: Fatal","Y"
"3 Country",872,2023,110,"Driver Rider","1: PDO","Y"
"2 Metropolitan",5159,2023,80,"Driver Rider","2: MI","Y"
"1 City",5000,2023,60,"Driver Rider","4: Fatal","Y"
"2 Metropolitan",5112,2023,60,"Driver Rider","2: MI","Y"
"3 Country",5268,2023,110,"Driver Rider","3: SI","Y"
"2 Metropolitan",5231,2023,80,"Driver Rider","2: MI","Y"
"2 Metropolitan",5093,2023,60,"Driver Rider","1: PDO","Y"
"3 Country",5341,2023,110,"Driver Rider","4: Fatal","Y"
"3 Country",5254,2023,100,"Driver Rider","2: MI","Y"
"2 Metropolitan",5013,2023,90,"Driver Rider","3: SI","Y"
"3 Country",5356,2023,110,"Driver Rider","2: MI","Y"
"2 Metropolitan",5113,2023,60,"Driver Rider","3: SI","Y"
"3 Country",5373,2023,50,"Driver Rider","3: SI","Y"
"2 Metropolitan",5158,2023,50,"Driver Rider","2: MI","Y"
"2 Metropolitan",5168,2023,60,"Driver Rider","3: SI","Y"
"2 Metropolitan",5021,2023,60,"Driver Rider","2: MI","Y"
"2 Metropolitan",5048,2023,50,"Driver Rider","2: MI","Y"
"2 Metropolitan",5162,2023,60,"Driver Rider","2: MI","Y"
"2 Metropolitan",5087,2023,60,"Driver Rider","4: Fatal","Y"
"2 Metropolitan",5150,2023,90,"Driver Rider","1: PDO","Y"
"2 Metropolitan",5252,2023,100,"Driver Rider","3: SI","Y"
"2 Metropolitan",5052,2023,60,"Driver Rider","2: MI","Y"
"2 Metropolitan",5165,2023,60,"Driver Rider","2: MI","Y"
"2 Metropolitan",5114,2023,80,"Pedestrian","4: Fatal","Y"
"2 Metropolitan",5020,2023,60,"Driver Rider","4: Fatal","Y"
"2 Metropolitan",5035,2023,60,"Driver Rider","3: SI","Y"
"2 Metropolitan",5064,2023,50,"Driver Rider","3: SI","Y"
"3 Country",5372,2023,100,"Driver Rider","3: SI","Y"
"2 Metropolitan",5112,2023,80,"Driver Rider","1: PDO","Y"
"3 Country",5223,2023,100,"Driver Rider","3: SI","Y"
"2 Metropolitan",5094,2023,70,"Driver Rider","2: MI","Y"
"2 Metropolitan",5090,2023,50,"Driver Rider","1: PDO","Y"
"3 Country",5523,2023,110,"Driver Rider","3: SI","Y"
"2 Metropolitan",5108,2023,60,"Driver Rider","4: Fatal","Y"
"3 Country",5291,2023,90,"Driver Rider","3: SI","Y"
"2 Metropolitan",5011,2023,50,"Driver Rider","1: PDO","Y"
"2 Metropolitan",5163,2023,80,"Driver Rider","2: MI","Y"
"3 Country",5341,2023,50,"Other","2: MI","Y"
"2 Metropolitan",5108,2023,60,"Driver Rider","2: MI","Y"
"2 Metropolitan",5109,2023,80,"Driver Rider","4: Fatal","Y"
"2 Metropolitan",5107,2023,50,"Driver Rider","3: SI","Y"
"3 Country",5451,2023,100,"Driver Rider","3: SI","Y"
"2 Metropolitan",5031,2023,60,"Driver Rider","3: SI","Y"
"3 Country",5351,2023,90,"Driver Rider","1: PDO","Y"
"2 Metropolitan",5013,2023,60,"Driver Rider","3: SI","Y"
"3 Country",5221,2023,100,"Driver Rider","2: MI","Y"
"2 Metropolitan",5169,2023,80,"Driver Rider","3: SI","Y"
"2 Metropolitan",5113,2023,60,"Driver Rider","3: SI","Y"
"2 Metropolitan",5046,2023,60,"Driver Rider","3: SI","Y"
"2 Metropolitan",5107,2023,50,"Driver Rider","3: SI","Y"
"3 Country",5320,2023,110,"Passenger","3: SI","Y"
"2 Metropolitan",5048,2023,60,"Driver Rider","2: MI","Y"
"2 Metropolitan",5108,2023,60,"Driver Rider","1: PDO","Y"
"3 Country",5351,2023,100,"Driver Rider","2: MI","Y"
"3 Country",5353,2023,100,"Driver Rider","2: MI","Y"
"2 Metropolitan",5070,2023,60,"Driver Rider","4: Fatal","Y"
"3 Country",5254,2023,110,"Driver Rider","4: Fatal","Y"
"3 Country",5333,2023,100,"Driver Rider","3: SI","Y"
"3 Country",5341,2023,80,"Driver Rider","4: Fatal","Y"
"3 Country",5345,2023,50,"Driver Rider","2: MI","Y"
"2 Metropolitan",5062,2023,60,"Driver Rider","1: PDO","Y"
"2 Metropolitan",5109,2023,80,"Driver Rider","2: MI","Y"
"2 Metropolitan",5092,2023,60,"Driver Rider","2: MI","Y"
"2 Metropolitan",5087,2023,50,"Driver Rider","1: PDO","Y"
"2 Metropolitan",5163,2023,80,"Driver Rider","2: MI","Y"
"2 Metropolitan",5090,2023,60,"Driver Rider","2: MI","Y"
"2 Metropolitan",5113,2023,80,"Driver Rider","3: SI","Y"
"2 Metropolitan",5038,2023,60,"Driver Rider","1: PDO","Y"
"2 Metropolitan",5114,2023,80,"Driver Rider","2: MI","Y"
"2 Metropolitan",5042,2023,60,"Driver Rider","1: PDO","Y"
"3 Country",5204,2023,60,"Driver Rider","2: MI","Y"
"2 Metropolitan",5113,2023,60,"Driver Rider","3: SI","Y"
"2 Metropolitan",5163,2023,80,"Driver Rider","3: SI","Y"
"2 Metropolitan",5014,2023,60,"Driver Rider","1: PDO","Y"
"3 Country",5291,2023,100,"Driver Rider","1: PDO","Y"
"2 Metropolitan",5115,2023,80,"Driver Rider","2: MI","Y"
"2 Metropolitan",5075,2023,60,"Driver Rider","2: MI","Y"
"2 Metropolitan",5139,2023,80,"Driver Rider","2: MI","Y"
"3 Country",5540,2023,50,"Driver Rider","2: MI","Y"
"3 Country",5723,2023,100,"Driver Rider","3: SI","Y"
"3 Country",5321,2023,100,"Driver Rider","3: SI","Y"
"2 Metropolitan",5041,2023,60,"Driver Rider","4: Fatal","Y"
"3 Country",5357,2023,110,"Driver Rider","1: PDO","Y"
"2 Metropolitan",5112,2023,50,"Driver Rider","2: MI","Y"
"3 Country",5269,2023,100,"Driver Rider","3: SI","Y"
"2 Metropolitan",5062,2023,50,"Driver Rider","3: SI","Y"
"2 Metropolitan",5075,2023,60,"Driver Rider","3: SI","Y"
"2 Metropolitan",5231,2023,80,"Driver Rider","4: Fatal","Y"
"2 Metropolitan",5163,2023,50,"Driver Rider","2: MI","Y"
"2 Metropolitan",5110,2023,60,"Driver Rider","1: PDO","Y"
"2 Metropolitan",5007,2023,50,"Driver Rider","3: SI","Y"
"2 Metropolitan",5010,2023,50,"Driver Rider","1: PDO","Y"
"2 Metropolitan",5031,2023,60,"Driver Rider","3: SI","Y"
"2 Metropolitan",5153,2023,100,"Driver Rider","1: PDO","Y"
"2 Metropolitan",5117,2023,110,"Driver Rider","1: PDO","Y"
"3 Country",5291,2023,80,"Driver Rider","4: Fatal","Y"
"2 Metropolitan",5108,2023,60,"Driver Rider","3: SI","Y"
"3 Country",5719,2023,110,"Driver Rider","3: SI","Y"
"3 Country",5255,2023,80,"Driver Rider","3: SI","Y"
"3 Country",5354,2023,110,"Driver Rider","2: MI","Y"
"2 Metropolitan",5162,2023,60,"Driver Rider","2: MI","Y"
"3 Country",5351,2023,80,"Driver Rider","1: PDO","Y"
"3 Country",5266,2023,110,"Driver Rider","1: PDO","Y"
"2 Metropolitan",5111,2023,60,"Driver Rider","3: SI","Y"
"2 Metropolitan",5110,2023,80,"Driver Rider","3: SI","Y"
"2 Metropolitan",5112,2023,60,"Driver Rider","1: PDO","Y"
"2 Metropolitan",5174,2023,90,"Driver Rider","4: Fatal","Y"
"2 Metropolitan",5075,2023,60,"Driver Rider","2: MI","Y"
"2 Metropolitan",5022,2023,50,"Driver Rider","2: MI","Y"
"3 Country",5211,2023,100,"Driver Rider","2: MI","Y"
"2 Metropolitan",5087,2023,60,"Driver Rider","2: MI","Y"
"3 Country",5495,2023,110,"Driver Rider","1: PDO","Y"
"2 Metropolitan",5013,2023,60,"Driver Rider","2: MI","Y"
"2 Metropolitan",5120,2023,90,"Driver Rider","1: PDO","Y"
"2 Metropolitan",5097,2023,50,"Driver Rider","1: PDO","Y"
"2 Metropolitan",5108,2023,60,"Driver Rider","3: SI","Y"
"2 Metropolitan",5097,2023,60,"Driver Rider","2: MI","Y"
"2 Metropolitan",5108,2023,60,"Driver Rider","3: SI","Y"
"2 Metropolitan",5112,2023,50,"Driver Rider","1: PDO","Y"
"2 Metropolitan",5010,2023,50,"Driver Rider","2: MI","Y"
"2 Metropolitan",5094,2023,70,"Driver Rider","3: SI","Y"
"2 Metropolitan",5162,2023,60,"Driver Rider","3: SI","Y"
"2 Metropolitan",5172,2023,80,"Driver Rider","3: SI","Y"
"2 Metropolitan",5094,2023,60,"Driver Rider","4: Fatal","Y"
"2 Metropolitan",5110,2023,90,"Driver Rider","3: SI","Y"
"2 Metropolitan",5048,2023,60,"Driver Rider","2: MI","Y"
"3 Country",5461,2023,100,"Driver Rider","3: SI","Y"
"2 Metropolitan",5169,2023,60,"Driver Rider","1: PDO","Y"
"2 Metropolitan",5112,2023,60,"Pedestrian","3: SI","Y"
"2 Metropolitan",5087,2023,60,"Driver Rider","2: MI","Y"
"2 Metropolitan",5165,2023,50,"Driver Rider","2: MI","Y"
"2 Metropolitan",5008,2023,40,"Driver Rider","3: SI","Y"
"2 Metropolitan",5113,2023,60,"Driver Rider","1: PDO","Y"
"3 Country",5321,2023,100,"Driver Rider","3: SI","Y"
"2 Metropolitan",5113,2023,50,"Driver Rider","2: MI","Y"
"3 Country",5253,2023,80,"Driver Rider","3: SI","Y"
"2 Metropolitan",5096,2023,60,"Other","1: PDO","Y"
"2 Metropolitan",5034,2023,60,"Driver Rider","3: SI","Y"
"3 Country",5413,2023,100,"Driver Rider","1: PDO","Y"
"3 Country",5540,2023,50,"Driver Rider","3: SI","Y"
"2 Metropolitan",5010,2023,60,"Driver Rider","2: MI","Y"
"2 Metropolitan",5013,2023,50,"Driver Rider","1: PDO","Y"
"3 Country",5495,2023,100,"Driver Rider","2: MI","Y"
"3 Country",5253,2023,100,"Driver Rider","2: MI","Y"
"3 Country",5600,2023,50,"Driver Rider","2: MI","Y"
"1 City",5000,2023,50,"Driver Rider","1: PDO","Y"
"2 Metropolitan",5067,2023,60,"Driver Rider","2: MI","Y"
"3 Country",5253,2023,50,"Driver Rider","3: SI","Y"
"3 Country",5253,2023,50,"Driver Rider","2: MI","Y"
"3 Country",5255,2023,100,"Driver Rider","2: MI","Y"
"2 Metropolitan",5115,2023,60,"Driver Rider","2: MI","Y"
"3 Country",5571,2023,50,"Driver Rider","1: PDO","Y"
"3 Country",5223,2023,110,"Driver Rider","3: SI","Y"
"2 Metropolitan",5133,2023,50,"Driver Rider","4: Fatal","Y"
"2 Metropolitan",5502,2023,100,"Driver Rider","4: Fatal","Y"
"3 Country",5650,2023,100,"Driver Rider","2: MI","Y"
"2 Metropolitan",5015,2023,60,"Driver Rider","2: MI","Y"
"3 Country",5253,2023,50,"Driver Rider","2: MI","Y"
"3 Country",5522,2023,100,"Driver Rider","2: MI","Y"
"2 Metropolitan",5152,2023,60,"Driver Rider","4: Fatal","Y"
"2 Metropolitan",5084,2023,50,"Driver Rider","2: MI","Y"
"3 Country",5333,2023,110,"Driver Rider","2: MI","Y"
"2 Metropolitan",5141,2023,60,"Driver Rider","3: SI","Y"
"2 Metropolitan",5063,2023,50,"Driver Rider","3: SI","Y"
"2 Metropolitan",5085,2023,60,"Driver Rider","2: MI","Y"
"2 Metropolitan",5114,2023,90,"Driver Rider","2: MI","Y"
"3 Country",5723,2023,50,"Driver Rider","2: MI","Y"
"2 Metropolitan",5034,2023,60,"Other","3: SI","Y"
"2 Metropolitan",5082,2023,60,"Driver Rider","2: MI","Y"
"2 Metropolitan",5083,2023,60,"Driver Rider","2: MI","Y"
"2 Metropolitan",5075,2023,60,"Driver Rider","2: MI","Y"
"2 Metropolitan",5095,2023,70,"Driver Rider","2: MI","Y"
"3 Country",5172,2023,100,"Driver Rider","4: Fatal","Y"
"2 Metropolitan",5109,2023,50,"Driver Rider","1: PDO","Y"
"2 Metropolitan",5033,2023,60,"Driver Rider","2: MI","Y"
"2 Metropolitan",5111,2023,60,"Driver Rider","2: MI","Y"
"2 Metropolitan",5048,2023,60,"Driver Rider","1: PDO","Y"
"2 Metropolitan",5168,2023,50,"Driver Rider","4: Fatal","Y"
"3 Country",5571,2023,100,"Driver Rider","3: SI","Y"
"2 Metropolitan",5171,2023,100,"Driver Rider","3: SI","Y"
"2 Metropolitan",5116,2023,60,"Driver Rider","2: MI","Y"
"2 Metropolitan",5052,2023,60,"Driver Rider","3: SI","Y"
"3 Country",5493,2023,50,"Driver Rider","3: SI","Y"
"3 Country",5211,2023,60,"Driver Rider","3: SI","Y"
"2 Metropolitan",5046,2023,60,"Driver Rider","2: MI","Y"
"3 Country",5520,2023,110,"Driver Rider","2: MI","Y"
"3 Country",5419,2023,110,"Driver Rider","2: MI","Y"
"2 Metropolitan",5045,2023,50,"Driver Rider","2: MI","Y"
"2 Metropolitan",5251,2023,50,"Driver Rider","1: PDO","Y"
"3 Country",5343,2023,100,"Driver Rider","1: PDO","Y"
"3 Country",5202,2023,100,"Driver Rider","2: MI","Y"
"2 Metropolitan",5162,2023,60,"Driver Rider","3: SI","Y"
"2 Metropolitan",5092,2023,60,"Driver Rider","2: MI","Y"
"1 City",5000,2023,50,"Driver Rider","3: SI","Y"
"3 Country",5320,2023,110,"Driver Rider","3: SI","Y"
"2 Metropolitan",5112,2023,60,"Driver Rider","4: Fatal","Y"
"3 Country",5554,2023,100,"Animal","3: SI","Y"
"3 Country",5291,2023,110,"Driver Rider","1: PDO","Y"
"3 Country",5522,2023,60,"Driver Rider","1: PDO","Y"
"2 Metropolitan",5081,2023,60,"Driver Rider","3: SI","Y"
"2 Metropolitan",5115,2023,50,"Driver Rider","3: SI","Y"
"3 Country",5690,2023,50,"Driver Rider","3: SI","Y"
"3 Country",5253,2023,110,"Driver Rider","2: MI","Y"
"2 Metropolitan",5110,2023,90,"Driver Rider","3: SI","Y"
"2 Metropolitan",5009,2023,60,"Driver Rider","1: PDO","Y"
"2 Metropolitan",5037,2023,60,"Driver Rider","4: Fatal","Y"
"2 Metropolitan",5157,2023,80,"Driver Rider","2: MI","Y"
"3 Country",5290,2023,40,"Driver Rider","3: SI","Y"
"2 Metropolitan",5010,2023,40,"Driver Rider","2: MI","Y"
"2 Metropolitan",5163,2023,80,"Driver Rider","2: MI","Y"
"2 Metropolitan",5158,2023,80,"Driver Rider","2: MI","Y"
"3 Country",5352,2023,90,"Driver Rider","3: SI","Y"
"2 Metropolitan",5235,2023,80,"Driver Rider","2: MI","Y"
"2 Metropolitan",5042,2023,60,"Driver Rider","2: MI","Y"
"2 Metropolitan",5110,2023,70,"Driver Rider","1: PDO","Y"
"2 Metropolitan",5107,2023,70,"Driver Rider","2: MI","Y"
"2 Metropolitan",5042,2023,50,"Driver Rider","2: MI","Y"
"2 Metropolitan",5121,2023,80,"Driver Rider","2: MI","Y"
"3 Country",5373,2023,100,"Driver Rider","4: Fatal","Y"
"2 Metropolitan",5108,2023,60,"Driver Rider","1: PDO","Y"
"2 Metropolitan",5155,2023,60,"Driver Rider","2: MI","Y"
"3 Country",5211,2023,100,"Driver Rider","1: PDO","Y"
"2 Metropolitan",5159,2023,80,"Driver Rider","2: MI","Y"
"2 Metropolitan",5250,2023,110,"Driver Rider","2: MI","Y"
"3 Country",5715,2023,110,"Driver Rider","4: Fatal","Y"
"2 Metropolitan",5234,2023,80,"Driver Rider","2: MI","Y"
"2 Metropolitan",5172,2023,80,"Animal","2: MI","Y"
"2 Metropolitan",5037,2023,60,"Driver Rider","3: SI","Y"
"2 Metropolitan",5022,2023,50,"Driver Rider","2: MI","Y"
"2 Metropolitan",5162,2023,50,"Driver Rider","2: MI","Y"
"2 Metropolitan",5108,2023,60,"Driver Rider","4: Fatal","Y"
"3 Country",5214,2023,50,"Driver Rider","4: Fatal","Y"
"2 Metropolitan",5019,2023,50,"Driver Rider","3: SI","Y"
